發生年度,發生月份,發生日期,發生時間,事故類別名稱,處理單位名稱警局層,發生地點,天候名稱,光線名稱,道路類別-第1當事者-名稱,速限-第1當事者,道路型態大類別名稱,道路型態子類別名稱,事故位置大類別名稱,事故位置子類別名稱,路面狀況-路面鋪裝名稱,路面狀況-路面狀態名稱,路面狀況-路面缺陷名稱,道路障礙-障礙物名稱,道路障礙-視距品質名稱,道路障礙-視距名稱,號誌-號誌種類名稱,號誌-號誌動作名稱,車道劃分設施-分向設施大類別名稱,車道劃分設施-分向設施子類別名稱,車道劃分設施-分道設施-快車道或一般車道間名稱,車道劃分設施-分道設施-快慢車道間名稱,車道劃分設施-分道設施-路面邊線名稱,事故類型及型態大類別名稱,事故類型及型態子類別名稱,肇因研判大類別名稱-主要,肇因研判子類別名稱-主要,死亡受傷人數,當事者順位,當事者區分-類別-大類別名稱-車種,當事者區分-類別-子類別名稱-車種,當事者屬-性-別名稱,當事者事故發生時年齡,保護裝備名稱,行動電話或電腦或其他相類功能裝置名稱,當事者行動狀態大類別名稱,當事者行動狀態子類別名稱,車輛撞擊部位大類別名稱-最初,車輛撞擊部位子類別名稱-最初,車輛撞擊部位大類別名稱-其他,車輛撞擊部位子類別名稱-其他,肇因研判大類別名稱-個別,肇因研判子類別名稱-個別,肇事逃逸類別名稱-是否肇逃,經度,緯度
2018,1,20180115,180030,A1,臺南市政府警察局,臺南市中西區成功路西側 / 臺南市中西區海安路,晴,夜間(或隧道、地下道、涵洞)有照明,市區道路,50,交岔路,多岔路,交叉路口,交叉路口內,柏油,乾燥,無缺陷,無障礙物,良好,良好,行車管制號誌(附設行人專用號誌),正常,無,無分向設施,未繪設車道線,未繪設快慢車道分隔線,無,人與汽(機)車,穿越道路中,行人(或乘客),未依標誌、標線、號誌或手勢指揮穿越道路,死亡1;受傷1,1,人,行人,女,80,其他(行人、慢車駕駛人),非汽(機)車駕駛人,人的狀態,步行,其他,非汽(機)車,,,行人(或乘客),未依標誌、標線、號誌或手勢指揮穿越道路,否,120.198629,23.000533
2018,1,20180115,190500,A1,彰化縣警察局,彰化縣芳苑鄉三合村斗苑路三合段258號前0.0公尺,晴,夜間(或隧道、地下道、涵洞)無照明,專用道路,60,單路部分,直路,路段,一般車道(未劃分快慢車道),柏油,乾燥,無缺陷,無障礙物,良好,良好,無號誌,無號誌,雙向禁止超車線,無標記,未繪設車道線,未繪設快慢車道分隔線,無,人與汽(機)車,其他,行人(或乘客),穿越道路未注意左右來車,死亡1;受傷0,2,小客車,自用,男,23,不明,不明,車的狀態,向前直行中,汽車,右前車頭(身),汽車,右前車頭(身),駕駛人,未注意車前狀態,否,120.352582,23.902963
2018,1,20180115,190500,A1,彰化縣警察局,彰化縣芳苑鄉三合村斗苑路三合段258號前0.0公尺,晴,夜間(或隧道、地下道、涵洞)無照明,專用道路,60,單路部分,直路,路段,一般車道(未劃分快慢車道),柏油,乾燥,無缺陷,無障礙物,良好,良好,無號誌,無號誌,雙向禁止超車線,無標記,未繪設車道線,未繪設快慢車道分隔線,無,人與汽(機)車,其他,行人(或乘客),穿越道路未注意左右來車,死亡1;受傷0,3,小客車,自用,女,51,不明,不明,車的狀態,向前直行中,汽車,右前車頭(身),汽車,右前車頭(身),駕駛人,未注意車前狀態,否,120.352582,23.902963
2018,1,20180115,190500,A1,彰化縣警察局,彰化縣芳苑鄉三合村斗苑路三合段258號前0.0公尺,晴,夜間(或隧道、地下道、涵洞)無照明,專用道路,60,單路部分,直路,路段,一般車道(未劃分快慢車道),柏油,乾燥,無缺陷,無障礙物,良好,良好,無號誌,無號誌,雙向禁止超車線,無標記,未繪設車道線,未繪設快慢車道分隔線,無,人與汽(機)車,其他,行人(或乘客),穿越道路未注意左右來車,死亡1;受傷0,1,人,行人,男,63,其他(行人、慢車駕駛人),非汽(機)車駕駛人,人的狀態,步行,其他,非汽(機)車,其他,非汽(機)車,行人(或乘客),穿越道路未注意左右來車,否,120.352582,23.902963
2018,1,20180116,053219,A1,國道公路警察局,臺中市龍井區國道3號 183公里700.0公尺處北向外側,晴,夜間(或隧道、地下道、涵洞)無照明,國道,110,單路部分,直路,路段,快車道,柏油,乾燥,無缺陷,無障礙物,良好,良好,無號誌,無號誌,中央分向島,寛式(50公分以上),車道線(附標記),未繪設快慢車道分隔線,有,車與車,追撞,駕駛人,未保持行車安全距離,死亡1;受傷3,1,大貨車,自用,男,38,戴安全帽或繫安全帶(使用幼童安全椅),未使用,車的狀態,向前直行中,汽車,前車頭,汽車,後車尾,駕駛人,未保持行車安全距離,否,120.552464,24.185589
2018,1,20180116,053219,A1,國道公路警察局,臺中市龍井區國道3號 183公里700.0公尺處北向外側,晴,夜間(或隧道、地下道、涵洞)無照明,國道,110,單路部分,直路,路段,快車道,柏油,乾燥,無缺陷,無障礙物,良好,良好,無號誌,無號誌,中央分向島,寛式(50公分以上),車道線(附標記),未繪設快慢車道分隔線,有,車與車,追撞,駕駛人,未保持行車安全距離,死亡1;受傷3,4,小客車,自用,男,32,戴安全帽或繫安全帶(使用幼童安全椅),未使用,車的狀態,向前直行中,汽車,前車頭,,,無(車輛駕駛人因素),尚未發現肇事因素,否,120.552464,24.185589
2018,1,20180116,053219,A1,國道公路警察局,臺中市龍井區國道3號 183公里700.0公尺處北向外側,晴,夜間(或隧道、地下道、涵洞)無照明,國道,110,單路部分,直路,路段,快車道,柏油,乾燥,無缺陷,無障礙物,良好,良好,無號誌,無號誌,中央分向島,寛式(50公分以上),車道線(附標記),未繪設快慢車道分隔線,有,車與車,追撞,駕駛人,未保持行車安全距離,死亡1;受傷3,2,半聯結車,營業用,男,49,戴安全帽或繫安全帶(使用幼童安全椅),未使用,車的狀態,向前直行中,汽車,後車尾,,,無(車輛駕駛人因素),尚未發現肇事因素,否,120.552464,24.185589
2018,1,20180116,053219,A1,國道公路警察局,臺中市龍井區國道3號 183公里700.0公尺處北向外側,晴,夜間(或隧道、地下道、涵洞)無照明,國道,110,單路部分,直路,路段,快車道,柏油,乾燥,無缺陷,無障礙物,良好,良好,無號誌,無號誌,中央分向島,寛式(50公分以上),車道線(附標記),未繪設快慢車道分隔線,有,車與車,追撞,駕駛人,未保持行車安全距離,死亡1;受傷3,6,人,乘客,女,63,戴安全帽或繫安全帶(使用幼童安全椅),非汽(機)車駕駛人,人的狀態,其他,其他,非汽(機)車,,,無(非車輛駕駛人因素),尚未發現肇事因素,否,120.552464,24.185589
2018,1,20180116,053219,A1,國道公路警察局,臺中市龍井區國道3號 183公里700.0公尺處北向外側,晴,夜間(或隧道、地下道、涵洞)無照明,國道,110,單路部分,直路,路段,快車道,柏油,乾燥,無缺陷,無障礙物,良好,良好,無號誌,無號誌,中央分向島,寛式(50公分以上),車道線(附標記),未繪設快慢車道分隔線,有,車與車,追撞,駕駛人,未保持行車安全距離,死亡1;受傷3,7,人,乘客,女,41,戴安全帽或繫安全帶(使用幼童安全椅),非汽(機)車駕駛人,人的狀態,其他,其他,非汽(機)車,,,無(非車輛駕駛人因素),尚未發現肇事因素,否,120.552464,24.185589
2018,1,20180116,053219,A1,國道公路警察局,臺中市龍井區國道3號 183公里700.0公尺處北向外側,晴,夜間(或隧道、地下道、涵洞)無照明,國道,110,單路部分,直路,路段,快車道,柏油,乾燥,無缺陷,無障礙物,良好,良好,無號誌,無號誌,中央分向島,寛式(50公分以上),車道線(附標記),未繪設快慢車道分隔線,有,車與車,追撞,駕駛人,未保持行車安全距離,死亡1;受傷3,3,小客車,自用,男,64,戴安全帽或繫安全帶(使用幼童安全椅),未使用,車的狀態,向前直行中,汽車,前車頭,汽車,後車尾,無(車輛駕駛人因素),尚未發現肇事因素,否,120.552464,24.185589
2018,1,20180116,053219,A1,國道公路警察局,臺中市龍井區國道3號 183公里700.0公尺處北向外側,晴,夜間(或隧道、地下道、涵洞)無照明,國道,110,單路部分,直路,路段,快車道,柏油,乾燥,無缺陷,無障礙物,良好,良好,無號誌,無號誌,中央分向島,寛式(50公分以上),車道線(附標記),未繪設快慢車道分隔線,有,車與車,追撞,駕駛人,未保持行車安全距離,死亡1;受傷3,5,小貨車(含客、貨兩用),自用,男,50,戴安全帽或繫安全帶(使用幼童安全椅),未使用,車的狀態,向前直行中,汽車,前車頭,,,無(車輛駕駛人因素),尚未發現肇事因素,否,120.552464,24.185589
2018,1,20180116,073800,A1,高雄市政府警察局,高雄市仁武區村鳳仁路 / 高雄市仁武區永宏巷,晴,日間自然光線,市區道路,50,交岔路,四岔路,交叉路口,交叉路口內,柏油,乾燥,無缺陷,無障礙物,良好,良好,行車管制號誌,正常,中央分向島,寛式(50公分以上),車道線(無標記),寛式快慢車道分隔島(50公分以上),無,車與車,其他,駕駛人,未依規定讓車,死亡1;受傷0,2,機車,普通重型,女,43,不明,不明,人的狀態,不明,其他,不明,其他,不明,其他,不明原因肇事,否,120.338334,22.713179
2018,1,20180116,073800,A1,高雄市政府警察局,高雄市仁武區村鳳仁路 / 高雄市仁武區永宏巷,晴,日間自然光線,市區道路,50,交岔路,四岔路,交叉路口,交叉路口內,柏油,乾燥,無缺陷,無障礙物,良好,良好,行車管制號誌,正常,中央分向島,寛式(50公分以上),車道線(無標記),寛式快慢車道分隔島(50公分以上),無,車與車,其他,駕駛人,未依規定讓車,死亡1;受傷0,1,曳引車,營業用,男,59,戴安全帽或繫安全帶(使用幼童安全椅),未使用,車的狀態,右轉彎,其他,不明,其他,不明,駕駛人,未依規定讓車,否,120.338334,22.713179
2018,1,20180116,151700,A1,高雄市政府警察局,高雄市小港區村高鳳路 / 高雄市小港區松興路,晴,日間自然光線,市區道路,40,交岔路,四岔路,交叉路口,交叉路口內,柏油,乾燥,無缺陷,無障礙物,良好,良好,行車管制號誌,正常,無,無分向設施,未繪設車道線,未繪設快慢車道分隔線,無,車與車,其他,駕駛人,未保持行車安全距離,死亡1;受傷0,3,半聯結車,自用,男,64,戴安全帽或繫安全帶(使用幼童安全椅),未使用,車的狀態,向前直行中,汽車,右側車身,汽車,右側車身,其他,不明原因肇事,否,120.370972,22.572734
2018,1,20180116,151700,A1,高雄市政府警察局,高雄市小港區村高鳳路 / 高雄市小港區松興路,晴,日間自然光線,市區道路,40,交岔路,四岔路,交叉路口,交叉路口內,柏油,乾燥,無缺陷,無障礙物,良好,良好,行車管制號誌,正常,無,無分向設施,未繪設車道線,未繪設快慢車道分隔線,無,車與車,其他,駕駛人,未保持行車安全距離,死亡1;受傷0,1,機車,普通重型,男,18,戴安全帽或繫安全帶(使用幼童安全椅),不明,車的狀態,向前直行中,機車,前車頭,機車,前車頭,駕駛人,未保持行車安全距離,否,120.370972,22.572734
2018,1,20180116,151700,A1,高雄市政府警察局,高雄市小港區村高鳳路 / 高雄市小港區松興路,晴,日間自然光線,市區道路,40,交岔路,四岔路,交叉路口,交叉路口內,柏油,乾燥,無缺陷,無障礙物,良好,良好,行車管制號誌,正常,無,無分向設施,未繪設車道線,未繪設快慢車道分隔線,無,車與車,其他,駕駛人,未保持行車安全距離,死亡1;受傷0,2,機車,普通重型,男,44,戴安全帽或繫安全帶(使用幼童安全椅),未使用,車的狀態,向前直行中,機車,後車尾,機車,後車尾,無(車輛駕駛人因素),尚未發現肇事因素,否,120.370972,22.572734
2018,1,20180116,172900,A1,臺中市政府警察局,臺中市東區東興里大智路前0.0公尺,晴,日間自然光線,市區道路,50,交岔路,三岔路,交叉路口,交叉路口內,柏油,乾燥,無缺陷,無障礙物,良好,良好,閃光號誌,正常,無,無分向設施,未繪設車道線,未繪設快慢車道分隔線,無,車與車,側撞,駕駛人,未依規定讓車,死亡1;受傷0,1,機車,普通重型,男,59,戴安全帽或繫安全帶(使用幼童安全椅),未使用,車的狀態,左轉彎,機車,左側車身,,,駕駛人,未依規定讓車,否,120.690342,24.128924
2018,1,20180116,172900,A1,臺中市政府警察局,臺中市東區東興里大智路前0.0公尺,晴,日間自然光線,市區道路,50,交岔路,三岔路,交叉路口,交叉路口內,柏油,乾燥,無缺陷,無障礙物,良好,良好,閃光號誌,正常,無,無分向設施,未繪設車道線,未繪設快慢車道分隔線,無,車與車,側撞,駕駛人,未依規定讓車,死亡1;受傷0,2,小貨車(含客、貨兩用),自用,男,19,戴安全帽或繫安全帶(使用幼童安全椅),未使用,車的狀態,向前直行中,汽車,左前車頭(身),,,駕駛人,未依規定減速,否,120.690342,24.128924
2018,1,20180116,222500,A1,高雄市政府警察局,高雄市大寮區華中路 / 高雄市大寮區莒光三街,晴,夜間(或隧道、地下道、涵洞)有照明,市區道路,40,交岔路,三岔路,交叉路口,交叉路口內,柏油,乾燥,無缺陷,無障礙物,良好,良好,無號誌,無號誌,無,無分向設施,未繪設車道線,未繪設快慢車道分隔線,無,人與汽(機)車,在路上作業中,行人(或乘客),在路上工作未設適當標識,死亡1;受傷0,2,小客車,自用,男,19,戴安全帽或繫安全帶(使用幼童安全椅),未使用,車的狀態,向前直行中,汽車,前車頭,汽車,前車頭,駕駛人,未依規定減速,否,120.428744,22.576980
2018,1,20180116,222500,A1,高雄市政府警察局,高雄市大寮區華中路 / 高雄市大寮區莒光三街,晴,夜間(或隧道、地下道、涵洞)有照明,市區道路,40,交岔路,三岔路,交叉路口,交叉路口內,柏油,乾燥,無缺陷,無障礙物,良好,良好,無號誌,無號誌,無,無分向設施,未繪設車道線,未繪設快慢車道分隔線,無,人與汽(機)車,在路上作業中,行人(或乘客),在路上工作未設適當標識,死亡1;受傷0,1,人,行人,男,48,其他(行人、慢車駕駛人),非汽(機)車駕駛人,人的狀態,不明,其他,非汽(機)車,其他,非汽(機)車,行人(或乘客),在路上工作未設適當標識,否,120.428744,22.576980
2018,1,20180117,100000,A1,新北市政府警察局,新北市五股區民義路前0.0公尺,晴,日間自然光線,市區道路,50,單路部分,坡路,路段,一般車道(未劃分快慢車道),柏油,乾燥,無缺陷,無障礙物,良好,良好,無號誌,無號誌,無,無分向設施,未繪設車道線,未繪設快慢車道分隔線,有,汽(機)車本身,其他,其他,不明原因肇事,死亡1;受傷0,2,,,無或物(動物、堆置物),0,,,,,,,,,無(非車輛駕駛人因素),尚未發現肇事因素,否,121.423396,25.094674
2018,1,20180117,100000,A1,新北市政府警察局,新北市五股區民義路前0.0公尺,晴,日間自然光線,市區道路,50,單路部分,坡路,路段,一般車道(未劃分快慢車道),柏油,乾燥,無缺陷,無障礙物,良好,良好,無號誌,無號誌,無,無分向設施,未繪設車道線,未繪設快慢車道分隔線,有,汽(機)車本身,其他,其他,不明原因肇事,死亡1;受傷0,1,大貨車,營業用,男,61,戴安全帽或繫安全帶(使用幼童安全椅),未使用,車的狀態,向前直行中,汽車,後車尾,汽車,後車尾,其他,不明原因肇事,否,121.423396,25.094674
2018,1,20180117,100000,A1,新北市政府警察局,新北市五股區民義路前0.0公尺,晴,日間自然光線,市區道路,50,單路部分,坡路,路段,一般車道(未劃分快慢車道),柏油,乾燥,無缺陷,無障礙物,良好,良好,無號誌,無號誌,無,無分向設施,未繪設車道線,未繪設快慢車道分隔線,有,汽(機)車本身,其他,其他,不明原因肇事,死亡1;受傷0,3,人,乘客,男,60,其他(行人、慢車駕駛人),非汽(機)車駕駛人,人的狀態,不明,其他,非汽(機)車,其他,非汽(機)車,無(非車輛駕駛人因素),尚未發現肇事因素,否,121.423396,25.094674
2018,1,20180117,154800,A1,屏東縣政府警察局,屏東縣內埔鄉豐田村龍崗路226-1號旁,晴,日間自然光線,鄉道,40,交岔路,三岔路,交叉路口,交叉路口內,柏油,乾燥,無缺陷,無障礙物,不良,彎道,無號誌,無號誌,無,無分向設施,未繪設車道線,未繪設快慢車道分隔線,無,車與車,其他,駕駛人,未靠右行駛,死亡1;受傷0,1,慢車,腳踏自行車,男,66,其他(行人、慢車駕駛人),未使用,車的狀態,右轉彎,其他,非汽(機)車,,,駕駛人,未靠右行駛,否,120.558187,22.637833
2018,1,20180117,154800,A1,屏東縣政府警察局,屏東縣內埔鄉豐田村龍崗路226-1號旁,晴,日間自然光線,鄉道,40,交岔路,三岔路,交叉路口,交叉路口內,柏油,乾燥,無缺陷,無障礙物,不良,彎道,無號誌,無號誌,無,無分向設施,未繪設車道線,未繪設快慢車道分隔線,無,車與車,其他,駕駛人,未靠右行駛,死亡1;受傷0,2,小客車,自用,男,28,戴安全帽或繫安全帶(使用幼童安全椅),未使用,車的狀態,左轉彎,汽車,右前車頭(身),,,駕駛人,未注意車前狀態,否,120.558187,22.637833
2018,1,20180118,055840,A1,桃園市政府警察局,桃園市蘆竹區富國路3段1078號前0.0公尺南側,晴,夜間(或隧道、地下道、涵洞)有照明,市區道路,50,單路部分,直路,路段,路肩、路緣,柏油,乾燥,無缺陷,無障礙物,良好,良好,無號誌,無號誌,行車分向線,無標記,車道線(無標記),未繪設快慢車道分隔線,有,車與車,其他,駕駛人,未注意車前狀態,死亡1;受傷0,1,機車,普通重型,男,20,戴安全帽或繫安全帶(使用幼童安全椅),未使用,車的狀態,向前直行中,機車,前車頭,,,駕駛人,未注意車前狀態,否,121.268537,25.054733
2018,1,20180118,055840,A1,桃園市政府警察局,桃園市蘆竹區富國路3段1078號前0.0公尺南側,晴,夜間(或隧道、地下道、涵洞)有照明,市區道路,50,單路部分,直路,路段,路肩、路緣,柏油,乾燥,無缺陷,無障礙物,良好,良好,無號誌,無號誌,行車分向線,無標記,車道線(無標記),未繪設快慢車道分隔線,有,車與車,其他,駕駛人,未注意車前狀態,死亡1;受傷0,2,曳引車,營業用,男,48,戴安全帽或繫安全帶(使用幼童安全椅),未使用,車的狀態,等待(引擎未熄火),汽車,左後車尾(身),,,其他,違規停車或暫停不當而肇事,否,121.268537,25.054733
2018,1,20180118,062100,A1,新北市政府警察局,新北市板橋區LP-R03-C004號號誌桿旁,晴,晨或暮光,市區道路,50,單路部分,直路,其他,行人穿越道,柏油,乾燥,無缺陷,無障礙物,良好,良好,閃光號誌,正常,中央分向島,寛式(50公分以上),車道線(無標記),未繪設快慢車道分隔線,有,人與汽(機)車,穿越道路中,駕駛人,搶越行人穿越道,死亡1;受傷1,2,人,行人,女,74,其他(行人、慢車駕駛人),非汽(機)車駕駛人,人的狀態,步行,其他,非汽(機)車,其他,非汽(機)車,無(非車輛駕駛人因素),尚未發現肇事因素,否,121.456906,24.998833
2018,1,20180118,062100,A1,新北市政府警察局,新北市板橋區LP-R03-C004號號誌桿旁,晴,晨或暮光,市區道路,50,單路部分,直路,其他,行人穿越道,柏油,乾燥,無缺陷,無障礙物,良好,良好,閃光號誌,正常,中央分向島,寛式(50公分以上),車道線(無標記),未繪設快慢車道分隔線,有,人與汽(機)車,穿越道路中,駕駛人,搶越行人穿越道,死亡1;受傷1,1,機車,大型重型2(250-550C.C.),男,36,戴安全帽或繫安全帶(使用幼童安全椅),未使用,車的狀態,向前直行中,機車,前車頭,機車,前車頭,駕駛人,搶越行人穿越道,否,121.456906,24.998833
2018,1,20180118,071800,A1,宜蘭縣政府警察局,宜蘭縣五結鄉親河路1段前0.0公尺東側,雨,日間自然光線,省道,60,單路部分,直路,路段,快車道,柏油,濕潤,無缺陷,無障礙物,良好,良好,無號誌,無號誌,雙向禁止超車線,無標記,車道線(無標記),快慢車道分隔線,無,車與車,對向擦撞,駕駛人,違反特定標誌(線)禁制,死亡1;受傷0,1,小客車,自用,男,31,戴安全帽或繫安全帶(使用幼童安全椅),未使用,車的狀態,向前直行中,汽車,左側車身,,,駕駛人,違反特定標誌(線)禁制,否,121.815508,24.668505
2018,1,20180118,071800,A1,宜蘭縣政府警察局,宜蘭縣五結鄉親河路1段前0.0公尺東側,雨,日間自然光線,省道,60,單路部分,直路,路段,快車道,柏油,濕潤,無缺陷,無障礙物,良好,良好,無號誌,無號誌,雙向禁止超車線,無標記,車道線(無標記),快慢車道分隔線,無,車與車,對向擦撞,駕駛人,違反特定標誌(線)禁制,死亡1;受傷0,2,機車,普通重型,女,57,戴安全帽或繫安全帶(使用幼童安全椅),未使用,車的狀態,向前直行中,機車,右側車身,,,無(車輛駕駛人因素),尚未發現肇事因素,否,121.815508,24.668505
2018,1,20180118,182004,A1,臺南市政府警察局,臺南市南區新建路西側 / 臺南市南區新建路,晴,夜間(或隧道、地下道、涵洞)有照明,市區道路,50,交岔路,四岔路,交叉路口,交叉路口內,柏油,乾燥,無缺陷,無障礙物,良好,良好,無號誌,無號誌,雙向禁止超車線,附標記,未繪設車道線,未繪設快慢車道分隔線,無,人與汽(機)車,穿越道路中,駕駛人,搶越行人穿越道,死亡1;受傷0,2,人,行人,女,79,其他(行人、慢車駕駛人),非汽(機)車駕駛人,人的狀態,步行,其他,非汽(機)車,,,無(非車輛駕駛人因素),尚未發現肇事因素,否,120.185312,22.965071
2018,1,20180118,182004,A1,臺南市政府警察局,臺南市南區新建路西側 / 臺南市南區新建路,晴,夜間(或隧道、地下道、涵洞)有照明,市區道路,50,交岔路,四岔路,交叉路口,交叉路口內,柏油,乾燥,無缺陷,無障礙物,良好,良好,無號誌,無號誌,雙向禁止超車線,附標記,未繪設車道線,未繪設快慢車道分隔線,無,人與汽(機)車,穿越道路中,駕駛人,搶越行人穿越道,死亡1;受傷0,1,小貨車(含客、貨兩用),自用,男,53,戴安全帽或繫安全帶(使用幼童安全椅),未使用,車的狀態,向前直行中,汽車,前車頭,,,駕駛人,搶越行人穿越道,否,120.185312,22.965071
2018,1,20180118,191828,A1,新竹縣政府警察局,新竹縣湖口鄉榮光路東側 / 新竹縣湖口鄉廬江路,晴,夜間(或隧道、地下道、涵洞)有照明,村里道路,50,單路部分,直路,路段,一般車道(未劃分快慢車道),柏油,乾燥,無缺陷,無障礙物,良好,良好,無號誌,無號誌,雙向禁止超車線,無標記,未繪設車道線,未繪設快慢車道分隔線,有,車與車,其他,駕駛人,未注意車前狀態,死亡1;受傷0,1,機車,普通重型,男,47,戴安全帽或繫安全帶(使用幼童安全椅),未使用,車的狀態,向前直行中,機車,前車頭,機車,前車頭,駕駛人,未注意車前狀態,否,121.001030,24.864087
2018,1,20180118,191828,A1,新竹縣政府警察局,新竹縣湖口鄉榮光路東側 / 新竹縣湖口鄉廬江路,晴,夜間(或隧道、地下道、涵洞)有照明,村里道路,50,單路部分,直路,路段,一般車道(未劃分快慢車道),柏油,乾燥,無缺陷,無障礙物,良好,良好,無號誌,無號誌,雙向禁止超車線,無標記,未繪設車道線,未繪設快慢車道分隔線,有,車與車,其他,駕駛人,未注意車前狀態,死亡1;受傷0,2,大貨車,自用,男,43,戴安全帽或繫安全帶(使用幼童安全椅),未使用,車的狀態,靜止(引擎熄火),汽車,左後車尾(身),汽車,左後車尾(身),無(車輛駕駛人因素),尚未發現肇事因素,否,121.001030,24.864087
2018,1,20180118,193800,A1,彰化縣警察局,彰化縣北斗鎮大道里中山路2段 / 彰化縣北斗鎮大道里復興路,晴,夜間(或隧道、地下道、涵洞)有照明,鄉道,50,交岔路,四岔路,交叉路口,交叉路口內,柏油,乾燥,無缺陷,無障礙物,良好,良好,行車管制號誌,正常,雙向禁止超車線,無標記,未繪設車道線,未繪設快慢車道分隔線,有,人與汽(機)車,穿越道路中,駕駛人,未注意車前狀態,死亡1;受傷0,1,曳引車,自用,男,50,戴安全帽或繫安全帶(使用幼童安全椅),未使用,車的狀態,起步,汽車,前車頭,汽車,前車頭,駕駛人,未注意車前狀態,否,120.522032,23.881164
2018,1,20180118,193800,A1,彰化縣警察局,彰化縣北斗鎮大道里中山路2段 / 彰化縣北斗鎮大道里復興路,晴,夜間(或隧道、地下道、涵洞)有照明,鄉道,50,交岔路,四岔路,交叉路口,交叉路口內,柏油,乾燥,無缺陷,無障礙物,良好,良好,行車管制號誌,正常,雙向禁止超車線,無標記,未繪設車道線,未繪設快慢車道分隔線,有,人與汽(機)車,穿越道路中,駕駛人,未注意車前狀態,死亡1;受傷0,2,人,行人,女,68,其他(行人、慢車駕駛人),非汽(機)車駕駛人,人的狀態,步行,其他,非汽(機)車,其他,非汽(機)車,行人(或乘客),穿越道路未注意左右來車,否,120.522032,23.881164
2018,1,20180118,234800,A1,臺北市政府警察局,臺北市中正區公園路 / 臺北市中正區信陽街,雨,夜間(或隧道、地下道、涵洞)有照明,市區道路,50,交岔路,三岔路,交叉路口,交叉口附近,柏油,濕潤,無缺陷,無障礙物,良好,良好,無號誌,無號誌,雙向禁止超車線,無標記,車道線(無標記),未繪設快慢車道分隔線,有,人與汽(機)車,其他,行人(或乘客),未依規定行走行人穿越道、地下道、天橋而穿越道路,死亡1;受傷0,3,小客車,自用,男,51,戴安全帽或繫安全帶(使用幼童安全椅),未使用,車的狀態,其他,汽車,前車頭,汽車,前車頭,駕駛人,未注意車前狀態,否,121.516997,25.044625
2018,1,20180118,234800,A1,臺北市政府警察局,臺北市中正區公園路 / 臺北市中正區信陽街,雨,夜間(或隧道、地下道、涵洞)有照明,市區道路,50,交岔路,三岔路,交叉路口,交叉口附近,柏油,濕潤,無缺陷,無障礙物,良好,良好,無號誌,無號誌,雙向禁止超車線,無標記,車道線(無標記),未繪設快慢車道分隔線,有,人與汽(機)車,其他,行人(或乘客),未依規定行走行人穿越道、地下道、天橋而穿越道路,死亡1;受傷0,2,小客車,自用,男,45,戴安全帽或繫安全帶(使用幼童安全椅),未使用,車的狀態,向前直行中,汽車,左側車身,汽車,左側車身,駕駛人,未注意車前狀態,否,121.516997,25.044625
2018,1,20180118,234800,A1,臺北市政府警察局,臺北市中正區公園路 / 臺北市中正區信陽街,雨,夜間(或隧道、地下道、涵洞)有照明,市區道路,50,交岔路,三岔路,交叉路口,交叉口附近,柏油,濕潤,無缺陷,無障礙物,良好,良好,無號誌,無號誌,雙向禁止超車線,無標記,車道線(無標記),未繪設快慢車道分隔線,有,人與汽(機)車,其他,行人(或乘客),未依規定行走行人穿越道、地下道、天橋而穿越道路,死亡1;受傷0,1,人,行人,女,68,其他(行人、慢車駕駛人),非汽(機)車駕駛人,人的狀態,靜立(止),其他,非汽(機)車,其他,非汽(機)車,行人(或乘客),未依規定行走行人穿越道、地下道、天橋而穿越道路,否,121.516997,25.044625
2018,1,20180119,001300,A1,臺中市政府警察局,臺中市太平區光明里環太東路251號前0.0公尺,晴,夜間(或隧道、地下道、涵洞)有照明,市區道路,50,單路部分,直路,路段,一般車道(未劃分快慢車道),柏油,乾燥,無缺陷,無障礙物,良好,良好,無號誌,無號誌,雙向禁止超車線,附標記,未繪設車道線,未繪設快慢車道分隔線,無,車與車,其他,駕駛人,酒醉(後)駕駛失控,死亡1;受傷0,1,機車,普通重型,男,32,戴安全帽或繫安全帶(使用幼童安全椅),未使用,車的狀態,向前直行中,機車,前車頭,,,駕駛人,酒醉(後)駕駛失控,否,120.725050,24.150545
2018,1,20180119,001300,A1,臺中市政府警察局,臺中市太平區光明里環太東路251號前0.0公尺,晴,夜間(或隧道、地下道、涵洞)有照明,市區道路,50,單路部分,直路,路段,一般車道(未劃分快慢車道),柏油,乾燥,無缺陷,無障礙物,良好,良好,無號誌,無號誌,雙向禁止超車線,附標記,未繪設車道線,未繪設快慢車道分隔線,無,車與車,其他,駕駛人,酒醉(後)駕駛失控,死亡1;受傷0,2,小貨車(含客、貨兩用),自用,男,35,未戴案全帽或未繫安全帶(未使用幼童安全椅),未使用,車的狀態,靜止(引擎熄火),汽車,左後車尾(身),,,無(車輛駕駛人因素),尚未發現肇事因素,否,120.725050,24.150545
2018,1,20180119,070800,A1,嘉義市政府警察局,嘉義市東區中庄里忠孝路 / 嘉義市東區中庄里義教街,陰,日間自然光線,市區道路,50,交岔路,四岔路,交叉路口,交叉路口內,柏油,乾燥,無缺陷,無障礙物,良好,良好,行車管制號誌(附設行人專用號誌),正常,無,無分向設施,未繪設車道線,未繪設快慢車道分隔線,無,車與車,路口交岔撞,駕駛人,違反號誌管制或指揮,死亡1;受傷0,2,機車,普通重型,女,39,戴安全帽或繫安全帶(使用幼童安全椅),未使用,車的狀態,向前直行中,機車,右側車身,,,駕駛人,違反號誌管制或指揮,否,120.451168,23.498492