發生年度,發生月份,發生日期,發生時間,事故類別名稱,處理單位名稱警局層,發生地點,天候名稱,光線名稱,道路類別-第1當事者-名稱,速限-第1當事者,道路型態大類別名稱,道路型態子類別名稱,事故位置大類別名稱,事故位置子類別名稱,路面狀況-路面鋪裝名稱,路面狀況-路面狀態名稱,路面狀況-路面缺陷名稱,道路障礙-障礙物名稱,道路障礙-視距品質名稱,道路障礙-視距名稱,號誌-號誌種類名稱,號誌-號誌動作名稱,車道劃分設施-分向設施大類別名稱,車道劃分設施-分向設施子類別名稱,車道劃分設施-分道設施-快車道或一般車道間名稱,車道劃分設施-分道設施-快慢車道間名稱,車道劃分設施-分道設施-路面邊線名稱,事故類型及型態大類別名稱,事故類型及型態子類別名稱,肇因研判大類別名稱-主要,肇因研判子類別名稱-主要,死亡受傷人數,當事者順位,當事者區分-類別-大類別名稱-車種,當事者區分-類別-子類別名稱-車種,當事者屬-性-別名稱,當事者事故發生時年齡,保護裝備名稱,行動電話或電腦或其他相類功能裝置名稱,當事者行動狀態大類別名稱,當事者行動狀態子類別名稱,車輛撞擊部位大類別名稱-最初,車輛撞擊部位子類別名稱-最初,車輛撞擊部位大類別名稱-其他,車輛撞擊部位子類別名稱-其他,肇因研判大類別名稱-個別,肇因研判子類別名稱-個別,肇事逃逸類別名稱-是否肇逃,經度,緯度
2018,2,20180214,080000,A1,臺中市政府警察局,臺中市后里區廣福里三豐路三段前0.0公尺,晴,日間自然光線,市區道路,60,交岔路,三岔路,交叉路口,交叉路口內,柏油,乾燥,無缺陷,無障礙物,良好,良好,行車管制號誌,正常,無,無分向設施,未繪設車道線,未繪設快慢車道分隔線,無,車與車,其他,駕駛人,起步未注意其他車(人)安全,死亡1;受傷2,4,小客車,自用,男,22,戴安全帽或繫安全帶(使用幼童安全椅),未使用,車的狀態,向前直行中,汽車,前車頭,,,駕駛人,未注意車前狀態,否,120.723563,24.298088
2018,2,20180214,080000,A1,臺中市政府警察局,臺中市后里區廣福里三豐路三段前0.0公尺,晴,日間自然光線,市區道路,60,交岔路,三岔路,交叉路口,交叉路口內,柏油,乾燥,無缺陷,無障礙物,良好,良好,行車管制號誌,正常,無,無分向設施,未繪設車道線,未繪設快慢車道分隔線,無,車與車,其他,駕駛人,起步未注意其他車(人)安全,死亡1;受傷2,1,機車,普通重型,男,55,戴安全帽或繫安全帶(使用幼童安全椅),未使用,車的狀態,起步,機車,前車頭,,,駕駛人,起步未注意其他車(人)安全,否,120.723563,24.298088
2018,2,20180214,080000,A1,臺中市政府警察局,臺中市后里區廣福里三豐路三段前0.0公尺,晴,日間自然光線,市區道路,60,交岔路,三岔路,交叉路口,交叉路口內,柏油,乾燥,無缺陷,無障礙物,良好,良好,行車管制號誌,正常,無,無分向設施,未繪設車道線,未繪設快慢車道分隔線,無,車與車,其他,駕駛人,起步未注意其他車(人)安全,死亡1;受傷2,6,人,乘客,男,38,戴安全帽或繫安全帶(使用幼童安全椅),非汽(機)車駕駛人,人的狀態,其他,其他,非汽(機)車,,,無(非車輛駕駛人因素),尚未發現肇事因素,否,120.723563,24.298088
2018,2,20180214,080000,A1,臺中市政府警察局,臺中市后里區廣福里三豐路三段前0.0公尺,晴,日間自然光線,市區道路,60,交岔路,三岔路,交叉路口,交叉路口內,柏油,乾燥,無缺陷,無障礙物,良好,良好,行車管制號誌,正常,無,無分向設施,未繪設車道線,未繪設快慢車道分隔線,無,車與車,其他,駕駛人,起步未注意其他車(人)安全,死亡1;受傷2,3,小貨車(含客、貨兩用),自用,男,58,戴安全帽或繫安全帶(使用幼童安全椅),未使用,車的狀態,等待(引擎未熄火),汽車,前車頭,,,無(車輛駕駛人因素),尚未發現肇事因素,否,120.723563,24.298088
2018,2,20180214,100800,A1,臺東縣警察局,臺東縣成功鎮忠仁里中山東路與南側 / 臺東縣成功鎮忠仁里光復路,晴,日間自然光線,市區道路,40,交岔路,四岔路,交叉路口,交叉路口內,柏油,乾燥,無缺陷,無障礙物,良好,良好,行車管制號誌,正常,行車分向線,無標記,車道線(無標記),未繪設快慢車道分隔線,有,人與汽(機)車,穿越道路中,駕駛人,搶越行人穿越道,死亡1;受傷0,2,人,行人,男,73,戴安全帽或繫安全帶(使用幼童安全椅),未使用,人的狀態,步行,其他,非汽(機)車,,,無(非車輛駕駛人因素),尚未發現肇事因素,否,121.380934,23.105283
2018,2,20180214,100800,A1,臺東縣警察局,臺東縣成功鎮忠仁里中山東路與南側 / 臺東縣成功鎮忠仁里光復路,晴,日間自然光線,市區道路,40,交岔路,四岔路,交叉路口,交叉路口內,柏油,乾燥,無缺陷,無障礙物,良好,良好,行車管制號誌,正常,行車分向線,無標記,車道線(無標記),未繪設快慢車道分隔線,有,人與汽(機)車,穿越道路中,駕駛人,搶越行人穿越道,死亡1;受傷0,1,小貨車(含客、貨兩用),自用,男,38,戴安全帽或繫安全帶(使用幼童安全椅),未使用,車的狀態,左轉彎,汽車,前車頭,,,駕駛人,搶越行人穿越道,否,121.380934,23.105283
2018,2,20180214,140200,A1,新竹市警察局,新竹市東區光復路二段316號前0.0公尺,晴,日間自然光線,市區道路,50,單路部分,直路,路段,一般車道(未劃分快慢車道),柏油,乾燥,無缺陷,無障礙物,良好,良好,無號誌,無號誌,中央分向島,寛式(50公分以上),未繪設車道線,未繪設快慢車道分隔線,無,車與車,同向擦撞,駕駛人,未保持行車安全間隔,死亡1;受傷0,1,小貨車(含客、貨兩用),自用,男,48,不明,不明,車的狀態,向前直行中,汽車,右側車身,汽車,右側車身,駕駛人,未保持行車安全間隔,是,121.001731,24.793054
2018,2,20180214,140200,A1,新竹市警察局,新竹市東區光復路二段316號前0.0公尺,晴,日間自然光線,市區道路,50,單路部分,直路,路段,一般車道(未劃分快慢車道),柏油,乾燥,無缺陷,無障礙物,良好,良好,無號誌,無號誌,中央分向島,寛式(50公分以上),未繪設車道線,未繪設快慢車道分隔線,無,車與車,同向擦撞,駕駛人,未保持行車安全間隔,死亡1;受傷0,2,機車,普通重型,女,19,戴安全帽或繫安全帶(使用幼童安全椅),未使用,車的狀態,向左變換車道,機車,左側車身,機車,左側車身,駕駛人,變換車道或方向不當,否,121.001731,24.793054
2018,2,20180214,214700,A1,臺北市政府警察局,臺北市中山區民族東路129號前0.0公尺,晴,夜間(或隧道、地下道、涵洞)有照明,市區道路,50,單路部分,直路,路段,快車道,柏油,乾燥,無缺陷,無障礙物,良好,良好,無號誌,無號誌,中央分向島,寛式(50公分以上),車道線(無標記),快慢車道分隔線,無,人與汽(機)車,其他,駕駛人,未注意車前狀態,死亡1;受傷0,2,人,行人,女,75,其他(行人、慢車駕駛人),非汽(機)車駕駛人,人的狀態,步行,其他,非汽(機)車,其他,非汽(機)車,行人(或乘客),其他引起事故之疏失或行為,否,121.539410,25.068314
2018,2,20180214,214700,A1,臺北市政府警察局,臺北市中山區民族東路129號前0.0公尺,晴,夜間(或隧道、地下道、涵洞)有照明,市區道路,50,單路部分,直路,路段,快車道,柏油,乾燥,無缺陷,無障礙物,良好,良好,無號誌,無號誌,中央分向島,寛式(50公分以上),車道線(無標記),快慢車道分隔線,無,人與汽(機)車,其他,駕駛人,未注意車前狀態,死亡1;受傷0,1,小貨車(含客、貨兩用),自用,男,80,戴安全帽或繫安全帶(使用幼童安全椅),未使用,車的狀態,向前直行中,汽車,右前車頭(身),汽車,右前車頭(身),駕駛人,未注意車前狀態,是,121.539410,25.068314
2018,2,20180215,103226,A1,嘉義縣警察局,嘉義縣竹崎鄉灣橋村朴子埔185號,晴,日間自然光線,縣道,50,交岔路,四岔路,交叉路口,交叉路口內,柏油,乾燥,無缺陷,無障礙物,良好,良好,閃光號誌,正常,無,無分向設施,未繪設車道線,未繪設快慢車道分隔線,無,車與車,側撞,駕駛人,未依規定讓車,死亡1;受傷1,2,小貨車(含客、貨兩用),自用,男,54,不明,不明,車的狀態,向前直行中,汽車,前車頭,,,駕駛人,酒醉(後)駕駛失控,否,120.515289,23.490790
2018,2,20180215,103226,A1,嘉義縣警察局,嘉義縣竹崎鄉灣橋村朴子埔185號,晴,日間自然光線,縣道,50,交岔路,四岔路,交叉路口,交叉路口內,柏油,乾燥,無缺陷,無障礙物,良好,良好,閃光號誌,正常,無,無分向設施,未繪設車道線,未繪設快慢車道分隔線,無,車與車,側撞,駕駛人,未依規定讓車,死亡1;受傷1,1,小客車,自用,女,42,戴安全帽或繫安全帶(使用幼童安全椅),未使用,車的狀態,向前直行中,汽車,左側車身,,,駕駛人,未依規定讓車,否,120.515289,23.490790
2018,2,20180215,233000,A1,雲林縣警察局,雲林縣土庫鎮越港里林森路與大同路,晴,夜間(或隧道、地下道、涵洞)有照明,村里道路,50,交岔路,四岔路,交叉路口,交叉口附近,柏油,乾燥,無缺陷,無障礙物,良好,良好,閃光號誌,正常,雙向禁止超車線,無標記,車道線(無標記),未繪設快慢車道分隔線,有,汽(機)車本身,撞路樹、電桿,駕駛人,未注意車前狀態,死亡1;受傷0,2,,,無或物(動物、堆置物),-1,,,,,,,,,無(非車輛駕駛人因素),尚未發現肇事因素,否,120.395705,23.676400
2018,2,20180215,233000,A1,雲林縣警察局,雲林縣土庫鎮越港里林森路與大同路,晴,夜間(或隧道、地下道、涵洞)有照明,村里道路,50,交岔路,四岔路,交叉路口,交叉口附近,柏油,乾燥,無缺陷,無障礙物,良好,良好,閃光號誌,正常,雙向禁止超車線,無標記,車道線(無標記),未繪設快慢車道分隔線,有,汽(機)車本身,撞路樹、電桿,駕駛人,未注意車前狀態,死亡1;受傷0,1,小客車,自用,男,43,不明,不明,車的狀態,向前直行中,汽車,右前車頭(身),,,駕駛人,未注意車前狀態,否,120.395705,23.676400
2018,2,20180216,184000,A1,屏東縣政府警察局,屏東縣里港鄉新民路(大山寮高幹62左40),晴,夜間(或隧道、地下道、涵洞)有照明,村里道路,40,單路部分,直路,路段,一般車道(未劃分快慢車道),柏油,乾燥,無缺陷,無障礙物,良好,良好,無號誌,無號誌,無,無分向設施,未繪設車道線,未繪設快慢車道分隔線,無,汽(機)車本身,路上翻車、摔倒,駕駛人,酒醉(後)駕駛失控,死亡1;受傷0,2,,,無或物(動物、堆置物),-1,,,,,,,,,無(非車輛駕駛人因素),尚未發現肇事因素,否,120.528107,22.767684
2018,2,20180216,184000,A1,屏東縣政府警察局,屏東縣里港鄉新民路(大山寮高幹62左40),晴,夜間(或隧道、地下道、涵洞)有照明,村里道路,40,單路部分,直路,路段,一般車道(未劃分快慢車道),柏油,乾燥,無缺陷,無障礙物,良好,良好,無號誌,無號誌,無,無分向設施,未繪設車道線,未繪設快慢車道分隔線,無,汽(機)車本身,路上翻車、摔倒,駕駛人,酒醉(後)駕駛失控,死亡1;受傷0,1,機車,普通重型,男,59,戴安全帽或繫安全帶(使用幼童安全椅),未使用,車的狀態,向前直行中,機車,前車頭,,,駕駛人,酒醉(後)駕駛失控,否,120.528107,22.767684
2018,2,20180216,193400,A1,雲林縣警察局,雲林縣褒忠鄉新湖村新湖路25號前,晴,夜間(或隧道、地下道、涵洞)有照明,村里道路,50,單路部分,直路,路段,路肩、路緣,柏油,乾燥,無缺陷,無障礙物,良好,良好,無號誌,無號誌,行車分向線,無標記,未繪設車道線,未繪設快慢車道分隔線,有,汽(機)車本身,撞路樹、電桿,駕駛人,未注意車前狀態,死亡1;受傷0,2,,,無或物(動物、堆置物),-1,,,,,,,,,無(非車輛駕駛人因素),尚未發現肇事因素,否,120.292556,23.705368
2018,2,20180216,193400,A1,雲林縣警察局,雲林縣褒忠鄉新湖村新湖路25號前,晴,夜間(或隧道、地下道、涵洞)有照明,村里道路,50,單路部分,直路,路段,路肩、路緣,柏油,乾燥,無缺陷,無障礙物,良好,良好,無號誌,無號誌,行車分向線,無標記,未繪設車道線,未繪設快慢車道分隔線,有,汽(機)車本身,撞路樹、電桿,駕駛人,未注意車前狀態,死亡1;受傷0,1,小客車,自用,男,56,不明,不明,車的狀態,向前直行中,汽車,前車頭,,,駕駛人,未注意車前狀態,否,120.292556,23.705368
2018,2,20180216,200438,A1,花蓮縣警察局,花蓮縣吉安鄉廣賢路2段61號前0.0公尺東側,晴,夜間(或隧道、地下道、涵洞)有照明,村里道路,50,單路部分,直路,路段,一般車道(未劃分快慢車道),柏油,乾燥,無缺陷,無障礙物,良好,良好,無號誌,無號誌,雙向禁止超車線,無標記,未繪設車道線,未繪設快慢車道分隔線,有,車與車,側撞,駕駛人,違規超車,死亡1;受傷0,1,小客車,自用,男,26,戴安全帽或繫安全帶(使用幼童安全椅),未使用,車的狀態,超車(含超越),汽車,右前車頭(身),,,駕駛人,違規超車,否,121.573463,23.941622
2018,2,20180216,200438,A1,花蓮縣警察局,花蓮縣吉安鄉廣賢路2段61號前0.0公尺東側,晴,夜間(或隧道、地下道、涵洞)有照明,村里道路,50,單路部分,直路,路段,一般車道(未劃分快慢車道),柏油,乾燥,無缺陷,無障礙物,良好,良好,無號誌,無號誌,雙向禁止超車線,無標記,未繪設車道線,未繪設快慢車道分隔線,有,車與車,側撞,駕駛人,違規超車,死亡1;受傷0,2,機車,普通重型,男,25,戴安全帽或繫安全帶(使用幼童安全椅),未使用,車的狀態,向前直行中,機車,右側車身,,,無(車輛駕駛人因素),尚未發現肇事因素,否,121.573463,23.941622
2018,2,20180216,205000,A1,基隆市警察局,基隆市暖暖區八堵路大華二橋,雨,夜間(或隧道、地下道、涵洞)無照明,市區道路,50,單路部分,直路,路段,一般車道(未劃分快慢車道),柏油,濕潤,無缺陷,無障礙物,良好,良好,無號誌,無號誌,中央分向島,寛式(50公分以上),未繪設車道線,未繪設快慢車道分隔線,有,汽(機)車本身,路上翻車、摔倒,駕駛人,未注意車前狀態,死亡1;受傷0,2,,,無或物(動物、堆置物),0,,,,,,,,,無(非車輛駕駛人因素),尚未發現肇事因素,否,121.729054,25.108334
2018,2,20180216,205000,A1,基隆市警察局,基隆市暖暖區八堵路大華二橋,雨,夜間(或隧道、地下道、涵洞)無照明,市區道路,50,單路部分,直路,路段,一般車道(未劃分快慢車道),柏油,濕潤,無缺陷,無障礙物,良好,良好,無號誌,無號誌,中央分向島,寛式(50公分以上),未繪設車道線,未繪設快慢車道分隔線,有,汽(機)車本身,路上翻車、摔倒,駕駛人,未注意車前狀態,死亡1;受傷0,1,機車,大型重型2(250-550C.C.),男,58,戴安全帽或繫安全帶(使用幼童安全椅),未使用,車的狀態,向前直行中,機車,左側車身,機車,左側車身,駕駛人,未注意車前狀態,否,121.729054,25.108334
2018,2,20180217,005000,A1,臺南市政府警察局,臺南市南區樹林街2段西側 / 臺南市南區西門路1段,晴,夜間(或隧道、地下道、涵洞)有照明,市區道路,50,交岔路,四岔路,交叉路口,交叉路口內,柏油,乾燥,無缺陷,無障礙物,良好,良好,閃光號誌,正常,無,無分向設施,未繪設車道線,未繪設快慢車道分隔線,無,車與車,側撞,駕駛人,未依規定讓車,死亡1;受傷2,1,機車,普通重型,男,68,戴安全帽或繫安全帶(使用幼童安全椅),未使用,車的狀態,向前直行中,機車,左側車身,機車,右側車身,駕駛人,未依規定讓車,否,120.197508,22.986334
2018,2,20180217,005000,A1,臺南市政府警察局,臺南市南區樹林街2段西側 / 臺南市南區西門路1段,晴,夜間(或隧道、地下道、涵洞)有照明,市區道路,50,交岔路,四岔路,交叉路口,交叉路口內,柏油,乾燥,無缺陷,無障礙物,良好,良好,閃光號誌,正常,無,無分向設施,未繪設車道線,未繪設快慢車道分隔線,無,車與車,側撞,駕駛人,未依規定讓車,死亡1;受傷2,2,機車,普通重型,男,24,戴安全帽或繫安全帶(使用幼童安全椅),未使用,車的狀態,向前直行中,機車,前車頭,機車,左側車身,駕駛人,未注意車前狀態,否,120.197508,22.986334
2018,2,20180217,005000,A1,臺南市政府警察局,臺南市南區樹林街2段西側 / 臺南市南區西門路1段,晴,夜間(或隧道、地下道、涵洞)有照明,市區道路,50,交岔路,四岔路,交叉路口,交叉路口內,柏油,乾燥,無缺陷,無障礙物,良好,良好,閃光號誌,正常,無,無分向設施,未繪設車道線,未繪設快慢車道分隔線,無,車與車,側撞,駕駛人,未依規定讓車,死亡1;受傷2,3,人,乘客,女,46,戴安全帽或繫安全帶(使用幼童安全椅),非汽(機)車駕駛人,人的狀態,其他,其他,非汽(機)車,,,無(非車輛駕駛人因素),尚未發現肇事因素,否,120.197508,22.986334
2018,2,20180217,144117,A1,新竹縣政府警察局,新竹縣新豐鄉瑞興村9鄰167號附近,晴,日間自然光線,村里道路,50,單路部分,彎曲路及附近,路段,一般車道(未劃分快慢車道),柏油,乾燥,無缺陷,無障礙物,良好,良好,無號誌,無號誌,雙向禁止超車線,無標記,未繪設車道線,未繪設快慢車道分隔線,有,人與汽(機)車,其他,駕駛人,未注意車前狀態,死亡1;受傷2,4,,,無或物(動物、堆置物),-1,,,,,,,,,無(非車輛駕駛人因素),尚未發現肇事因素,否,121.026122,24.903614
2018,2,20180217,144117,A1,新竹縣政府警察局,新竹縣新豐鄉瑞興村9鄰167號附近,晴,日間自然光線,村里道路,50,單路部分,彎曲路及附近,路段,一般車道(未劃分快慢車道),柏油,乾燥,無缺陷,無障礙物,良好,良好,無號誌,無號誌,雙向禁止超車線,無標記,未繪設車道線,未繪設快慢車道分隔線,有,人與汽(機)車,其他,駕駛人,未注意車前狀態,死亡1;受傷2,3,人,乘客,女,89,不明,非汽(機)車駕駛人,人的狀態,靜立(止),其他,非汽(機)車,其他,非汽(機)車,無(非車輛駕駛人因素),尚未發現肇事因素,否,121.026122,24.903614
2018,2,20180217,144117,A1,新竹縣政府警察局,新竹縣新豐鄉瑞興村9鄰167號附近,晴,日間自然光線,村里道路,50,單路部分,彎曲路及附近,路段,一般車道(未劃分快慢車道),柏油,乾燥,無缺陷,無障礙物,良好,良好,無號誌,無號誌,雙向禁止超車線,無標記,未繪設車道線,未繪設快慢車道分隔線,有,人與汽(機)車,其他,駕駛人,未注意車前狀態,死亡1;受傷2,1,小客車,自用,男,60,戴安全帽或繫安全帶(使用幼童安全椅),未使用,車的狀態,向前直行中,汽車,前車頭,汽車,前車頭,駕駛人,未注意車前狀態,否,121.026122,24.903614
2018,2,20180217,144117,A1,新竹縣政府警察局,新竹縣新豐鄉瑞興村9鄰167號附近,晴,日間自然光線,村里道路,50,單路部分,彎曲路及附近,路段,一般車道(未劃分快慢車道),柏油,乾燥,無缺陷,無障礙物,良好,良好,無號誌,無號誌,雙向禁止超車線,無標記,未繪設車道線,未繪設快慢車道分隔線,有,人與汽(機)車,其他,駕駛人,未注意車前狀態,死亡1;受傷2,2,人,乘客,女,56,戴安全帽或繫安全帶(使用幼童安全椅),非汽(機)車駕駛人,人的狀態,靜立(止),其他,非汽(機)車,其他,非汽(機)車,無(非車輛駕駛人因素),尚未發現肇事因素,否,121.026122,24.903614
2018,2,20180217,215000,A1,臺中市政府警察局,臺中市豐原區社皮里豐原大道一段前0.0公尺,晴,夜間(或隧道、地下道、涵洞)有照明,市區道路,60,交岔路,四岔路,交叉路口,交叉路口內,柏油,乾燥,無缺陷,無障礙物,良好,良好,行車管制號誌(附設行人專用號誌),正常,中央分向島,寛式(50公分以上),未繪設車道線,未繪設快慢車道分隔線,無,人與汽(機)車,穿越道路中,駕駛人,搶越行人穿越道,死亡1;受傷0,1,小客車,自用,男,32,戴安全帽或繫安全帶(使用幼童安全椅),未使用,車的狀態,向前直行中,汽車,右前車頭(身),,,駕駛人,搶越行人穿越道,否,120.703267,24.246409
2018,2,20180217,215000,A1,臺中市政府警察局,臺中市豐原區社皮里豐原大道一段前0.0公尺,晴,夜間(或隧道、地下道、涵洞)有照明,市區道路,60,交岔路,四岔路,交叉路口,交叉路口內,柏油,乾燥,無缺陷,無障礙物,良好,良好,行車管制號誌(附設行人專用號誌),正常,中央分向島,寛式(50公分以上),未繪設車道線,未繪設快慢車道分隔線,無,人與汽(機)車,穿越道路中,駕駛人,搶越行人穿越道,死亡1;受傷0,2,人,行人,男,65,其他(行人、慢車駕駛人),非汽(機)車駕駛人,人的狀態,奔跑,其他,非汽(機)車,,,行人(或乘客),未依標誌、標線、號誌或手勢指揮穿越道路,否,120.703267,24.246409
2018,2,20180218,160600,A1,新北市政府警察局,新北市金山區臺2甲線道路前0.0公尺,晴,日間自然光線,省道,50,單路部分,彎曲路及附近,路段,一般車道(未劃分快慢車道),柏油,乾燥,無缺陷,無障礙物,不良,彎道,無號誌,無號誌,雙向禁止超車線,附標記,車道線(無標記),未繪設快慢車道分隔線,有,車與車,對撞,駕駛人,違反特定標誌(線)禁制,死亡1;受傷6,1,小客車,自用,男,72,戴安全帽或繫安全帶(使用幼童安全椅),不明,車的狀態,向前直行中,汽車,前車頭,汽車,前車頭,駕駛人,違反特定標誌(線)禁制,否,121.585603,25.186546
2018,2,20180218,160600,A1,新北市政府警察局,新北市金山區臺2甲線道路前0.0公尺,晴,日間自然光線,省道,50,單路部分,彎曲路及附近,路段,一般車道(未劃分快慢車道),柏油,乾燥,無缺陷,無障礙物,不良,彎道,無號誌,無號誌,雙向禁止超車線,附標記,車道線(無標記),未繪設快慢車道分隔線,有,車與車,對撞,駕駛人,違反特定標誌(線)禁制,死亡1;受傷6,3,人,乘客,女,65,戴安全帽或繫安全帶(使用幼童安全椅),未使用,人的狀態,不明,其他,非汽(機)車,其他,非汽(機)車,無(非車輛駕駛人因素),尚未發現肇事因素,否,121.585603,25.186546
2018,2,20180218,160600,A1,新北市政府警察局,新北市金山區臺2甲線道路前0.0公尺,晴,日間自然光線,省道,50,單路部分,彎曲路及附近,路段,一般車道(未劃分快慢車道),柏油,乾燥,無缺陷,無障礙物,不良,彎道,無號誌,無號誌,雙向禁止超車線,附標記,車道線(無標記),未繪設快慢車道分隔線,有,車與車,對撞,駕駛人,違反特定標誌(線)禁制,死亡1;受傷6,4,人,乘客,女,54,戴安全帽或繫安全帶(使用幼童安全椅),未使用,人的狀態,其他,其他,非汽(機)車,其他,非汽(機)車,無(非車輛駕駛人因素),尚未發現肇事因素,否,121.585603,25.186546
2018,2,20180218,160600,A1,新北市政府警察局,新北市金山區臺2甲線道路前0.0公尺,晴,日間自然光線,省道,50,單路部分,彎曲路及附近,路段,一般車道(未劃分快慢車道),柏油,乾燥,無缺陷,無障礙物,不良,彎道,無號誌,無號誌,雙向禁止超車線,附標記,車道線(無標記),未繪設快慢車道分隔線,有,車與車,對撞,駕駛人,違反特定標誌(線)禁制,死亡1;受傷6,5,人,乘客,女,24,戴安全帽或繫安全帶(使用幼童安全椅),未使用,人的狀態,其他,其他,非汽(機)車,其他,非汽(機)車,無(非車輛駕駛人因素),尚未發現肇事因素,否,121.585603,25.186546
2018,2,20180218,160600,A1,新北市政府警察局,新北市金山區臺2甲線道路前0.0公尺,晴,日間自然光線,省道,50,單路部分,彎曲路及附近,路段,一般車道(未劃分快慢車道),柏油,乾燥,無缺陷,無障礙物,不良,彎道,無號誌,無號誌,雙向禁止超車線,附標記,車道線(無標記),未繪設快慢車道分隔線,有,車與車,對撞,駕駛人,違反特定標誌(線)禁制,死亡1;受傷6,6,人,乘客,女,41,戴安全帽或繫安全帶(使用幼童安全椅),未使用,人的狀態,其他,其他,非汽(機)車,其他,非汽(機)車,無(非車輛駕駛人因素),尚未發現肇事因素,否,121.585603,25.186546
2018,2,20180218,160600,A1,新北市政府警察局,新北市金山區臺2甲線道路前0.0公尺,晴,日間自然光線,省道,50,單路部分,彎曲路及附近,路段,一般車道(未劃分快慢車道),柏油,乾燥,無缺陷,無障礙物,不良,彎道,無號誌,無號誌,雙向禁止超車線,附標記,車道線(無標記),未繪設快慢車道分隔線,有,車與車,對撞,駕駛人,違反特定標誌(線)禁制,死亡1;受傷6,7,人,乘客,女,16,戴安全帽或繫安全帶(使用幼童安全椅),未使用,人的狀態,其他,其他,非汽(機)車,其他,非汽(機)車,無(非車輛駕駛人因素),尚未發現肇事因素,否,121.585603,25.186546
2018,2,20180218,160600,A1,新北市政府警察局,新北市金山區臺2甲線道路前0.0公尺,晴,日間自然光線,省道,50,單路部分,彎曲路及附近,路段,一般車道(未劃分快慢車道),柏油,乾燥,無缺陷,無障礙物,不良,彎道,無號誌,無號誌,雙向禁止超車線,附標記,車道線(無標記),未繪設快慢車道分隔線,有,車與車,對撞,駕駛人,違反特定標誌(線)禁制,死亡1;受傷6,2,小客車,自用,男,52,戴安全帽或繫安全帶(使用幼童安全椅),未使用,車的狀態,向前直行中,汽車,前車頭,汽車,前車頭,無(車輛駕駛人因素),尚未發現肇事因素,否,121.585603,25.186546
2018,2,20180219,161700,A1,桃園市政府警察局,桃園市大溪區員林路3段584號前0.0公尺,晴,日間自然光線,市區道路,60,單路部分,彎曲路及附近,路段,路肩、路緣,柏油,乾燥,無缺陷,無障礙物,良好,良好,無號誌,無號誌,中央分向島,寛式(50公分以上),車道線(無標記),未繪設快慢車道分隔線,有,汽(機)車本身,衝出路外,駕駛人,未依規定減速,死亡1;受傷1,2,,,無或物(動物、堆置物),-1,,,,,,,,,無(非車輛駕駛人因素),尚未發現肇事因素,否,121.252906,24.876383
2018,2,20180219,161700,A1,桃園市政府警察局,桃園市大溪區員林路3段584號前0.0公尺,晴,日間自然光線,市區道路,60,單路部分,彎曲路及附近,路段,路肩、路緣,柏油,乾燥,無缺陷,無障礙物,良好,良好,無號誌,無號誌,中央分向島,寛式(50公分以上),車道線(無標記),未繪設快慢車道分隔線,有,汽(機)車本身,衝出路外,駕駛人,未依規定減速,死亡1;受傷1,1,機車,普通重型,男,29,戴安全帽或繫安全帶(使用幼童安全椅),未使用,車的狀態,向前直行中,機車,前車頭,,,駕駛人,未依規定減速,是,121.252906,24.876383
2018,2,20180219,161700,A1,桃園市政府警察局,桃園市大溪區員林路3段584號前0.0公尺,晴,日間自然光線,市區道路,60,單路部分,彎曲路及附近,路段,路肩、路緣,柏油,乾燥,無缺陷,無障礙物,良好,良好,無號誌,無號誌,中央分向島,寛式(50公分以上),車道線(無標記),未繪設快慢車道分隔線,有,汽(機)車本身,衝出路外,駕駛人,未依規定減速,死亡1;受傷1,3,人,乘客,男,25,戴安全帽或繫安全帶(使用幼童安全椅),未使用,人的狀態,其他,其他,非汽(機)車,,,無(非車輛駕駛人因素),尚未發現肇事因素,否,121.252906,24.876383
2018,2,20180219,165900,A1,新北市政府警察局,新北市坪林區北宜公路前0.0公尺,晴,日間自然光線,縣道,40,單路部分,彎曲路及附近,路段,一般車道(未劃分快慢車道),柏油,乾燥,無缺陷,無障礙物,良好,良好,無號誌,無號誌,雙向禁止超車線,附標記,禁止變換車道線(附標記),未繪設快慢車道分隔線,有,汽(機)車本身,路上翻車、摔倒,駕駛人,未依規定減速,死亡1;受傷0,2,,,無或物(動物、堆置物),0,,,,,,,,,無(非車輛駕駛人因素),尚未發現肇事因素,否,121.720231,24.901738
2018,2,20180219,165900,A1,新北市政府警察局,新北市坪林區北宜公路前0.0公尺,晴,日間自然光線,縣道,40,單路部分,彎曲路及附近,路段,一般車道(未劃分快慢車道),柏油,乾燥,無缺陷,無障礙物,良好,良好,無號誌,無號誌,雙向禁止超車線,附標記,禁止變換車道線(附標記),未繪設快慢車道分隔線,有,汽(機)車本身,路上翻車、摔倒,駕駛人,未依規定減速,死亡1;受傷0,1,機車,大型重型2(250-550C.C.),男,32,戴安全帽或繫安全帶(使用幼童安全椅),未使用,車的狀態,向前直行中,機車,左側車身,機車,左側車身,駕駛人,未依規定減速,否,121.720231,24.901738
2018,2,20180219,223000,A1,雲林縣警察局,雲林縣斗南鎮延平路二段312049號路燈附近,晴,夜間(或隧道、地下道、涵洞)有照明,其他,50,單路部分,直路,路段,快車道,柏油,乾燥,無缺陷,無障礙物,良好,良好,無號誌,無號誌,中央分向島,寛式(50公分以上),車道線(無標記),快慢車道分隔線,有,車與車,同向擦撞,駕駛人,違反特定標誌(線)禁制,死亡1;受傷0,2,小客車,自用,男,37,戴安全帽或繫安全帶(使用幼童安全椅),未使用,車的狀態,向前直行中,汽車,右前車頭(身),,,駕駛人,未注意車前狀態,否,120.476019,23.672192