發生年度,發生月份,發生日期,發生時間,事故類別名稱,處理單位名稱警局層,發生地點,天候名稱,光線名稱,道路類別-第1當事者-名稱,速限-第1當事者,道路型態大類別名稱,道路型態子類別名稱,事故位置大類別名稱,事故位置子類別名稱,路面狀況-路面鋪裝名稱,路面狀況-路面狀態名稱,路面狀況-路面缺陷名稱,道路障礙-障礙物名稱,道路障礙-視距品質名稱,道路障礙-視距名稱,號誌-號誌種類名稱,號誌-號誌動作名稱,車道劃分設施-分向設施大類別名稱,車道劃分設施-分向設施子類別名稱,車道劃分設施-分道設施-快車道或一般車道間名稱,車道劃分設施-分道設施-快慢車道間名稱,車道劃分設施-分道設施-路面邊線名稱,事故類型及型態大類別名稱,事故類型及型態子類別名稱,肇因研判大類別名稱-主要,肇因研判子類別名稱-主要,死亡受傷人數,當事者順位,當事者區分-類別-大類別名稱-車種,當事者區分-類別-子類別名稱-車種,當事者屬-性-別名稱,當事者事故發生時年齡,保護裝備名稱,行動電話或電腦或其他相類功能裝置名稱,當事者行動狀態大類別名稱,當事者行動狀態子類別名稱,車輛撞擊部位大類別名稱-最初,車輛撞擊部位子類別名稱-最初,車輛撞擊部位大類別名稱-其他,車輛撞擊部位子類別名稱-其他,肇因研判大類別名稱-個別,肇因研判子類別名稱-個別,肇事逃逸類別名稱-是否肇逃,經度,緯度
2018,4,20180411,175600,A1,臺南市政府警察局,臺南市安南區環館北路路燈桿68493號前0.0公尺,晴,日間自然光線,市區道路,50,單路部分,直路,路段,一般車道(未劃分快慢車道),柏油,乾燥,無缺陷,無障礙物,良好,良好,無號誌,無號誌,行車分向線,無標記,未繪設車道線,未繪設快慢車道分隔線,有,車與車,追撞,其他,不明原因肇事,死亡1;受傷0,2,大貨車,營業用,男,34,戴安全帽或繫安全帶(使用幼童安全椅),未使用,車的狀態,等待(引擎未熄火),汽車,左後車尾(身),,,其他,違規停車或暫停不當而肇事,否,120.235434,23.065255
2018,4,20180412,074300,A1,嘉義縣警察局,嘉義縣溪口鄉溪北村民權街西側 / 嘉義縣溪口鄉溪北村信義街北側,晴,日間自然光線,鄉道,50,交岔路,四岔路,交叉路口,交叉路口內,柏油,乾燥,無缺陷,無障礙物,良好,良好,無號誌,無號誌,無,無分向設施,未繪設車道線,未繪設快慢車道分隔線,無,車與車,路口交岔撞,駕駛人,未依規定讓車,死亡1;受傷2,1,機車,普通重型,女,23,戴安全帽或繫安全帶(使用幼童安全椅),未使用,車的狀態,向前直行中,機車,前車頭,,,駕駛人,未依規定讓車,否,120.393672,23.606929
2018,4,20180412,074300,A1,嘉義縣警察局,嘉義縣溪口鄉溪北村民權街西側 / 嘉義縣溪口鄉溪北村信義街北側,晴,日間自然光線,鄉道,50,交岔路,四岔路,交叉路口,交叉路口內,柏油,乾燥,無缺陷,無障礙物,良好,良好,無號誌,無號誌,無,無分向設施,未繪設車道線,未繪設快慢車道分隔線,無,車與車,路口交岔撞,駕駛人,未依規定讓車,死亡1;受傷2,2,機車,普通重型,女,71,戴安全帽或繫安全帶(使用幼童安全椅),未使用,車的狀態,向前直行中,機車,左側車身,,,駕駛人,未注意車前狀態,否,120.393672,23.606929
2018,4,20180412,074300,A1,嘉義縣警察局,嘉義縣溪口鄉溪北村民權街西側 / 嘉義縣溪口鄉溪北村信義街北側,晴,日間自然光線,鄉道,50,交岔路,四岔路,交叉路口,交叉路口內,柏油,乾燥,無缺陷,無障礙物,良好,良好,無號誌,無號誌,無,無分向設施,未繪設車道線,未繪設快慢車道分隔線,無,車與車,路口交岔撞,駕駛人,未依規定讓車,死亡1;受傷2,3,人,乘客,男,11,未戴案全帽或未繫安全帶(未使用幼童安全椅),非汽(機)車駕駛人,人的狀態,其他,其他,不明,,,無(非車輛駕駛人因素),尚未發現肇事因素,否,120.393672,23.606929
2018,4,20180412,091712,A1,屏東縣政府警察局,屏東縣萬丹鄉香社村中興路一段611-3號,晴,日間自然光線,市區道路,60,單路部分,直路,路段,路肩、路緣,柏油,乾燥,無缺陷,無障礙物,良好,良好,無號誌,無號誌,中央分向島,寛式(50公分以上),車道線(無標記),快慢車道分隔線,有,汽(機)車本身,其他,駕駛人,未注意車前狀態,死亡1;受傷0,2,,,無或物(動物、堆置物),-1,,,,,,,,,無(非車輛駕駛人因素),尚未發現肇事因素,否,120.478960,22.571437
2018,4,20180412,091712,A1,屏東縣政府警察局,屏東縣萬丹鄉香社村中興路一段611-3號,晴,日間自然光線,市區道路,60,單路部分,直路,路段,路肩、路緣,柏油,乾燥,無缺陷,無障礙物,良好,良好,無號誌,無號誌,中央分向島,寛式(50公分以上),車道線(無標記),快慢車道分隔線,有,汽(機)車本身,其他,駕駛人,未注意車前狀態,死亡1;受傷0,1,機車,普通重型,女,45,戴安全帽或繫安全帶(使用幼童安全椅),未使用,車的狀態,向前直行中,機車,前車頭,,,駕駛人,未注意車前狀態,否,120.478960,22.571437
2018,4,20180412,144500,A1,臺南市政府警察局,臺南市安定區蘇厝里里內道路口(313-5號前),晴,日間自然光線,村里道路,40,交岔路,三岔路,交叉路口,交叉路口內,柏油,乾燥,無缺陷,無障礙物,不良,建築物,無號誌,無號誌,無,無分向設施,未繪設車道線,未繪設快慢車道分隔線,無,車與車,側撞,駕駛人,未依規定讓車,死亡1;受傷0,1,機車,普通重型,男,72,未戴案全帽或未繫安全帶(未使用幼童安全椅),未使用,車的狀態,左轉彎,機車,左側車身,,,駕駛人,未依規定讓車,否,120.249678,23.128012
2018,4,20180412,144500,A1,臺南市政府警察局,臺南市安定區蘇厝里里內道路口(313-5號前),晴,日間自然光線,村里道路,40,交岔路,三岔路,交叉路口,交叉路口內,柏油,乾燥,無缺陷,無障礙物,不良,建築物,無號誌,無號誌,無,無分向設施,未繪設車道線,未繪設快慢車道分隔線,無,車與車,側撞,駕駛人,未依規定讓車,死亡1;受傷0,2,小貨車(含客、貨兩用),自用,男,42,戴安全帽或繫安全帶(使用幼童安全椅),未使用,車的狀態,向前直行中,汽車,左前車頭(身),,,駕駛人,未依規定減速,否,120.249678,23.128012
2018,4,20180412,172138,A1,花蓮縣警察局,花蓮縣吉安鄉知卡宣大道3段口 / 花蓮縣吉安鄉廣賢路2段口,晴,日間自然光線,村里道路,50,交岔路,四岔路,交叉路口,交叉路口內,柏油,乾燥,無缺陷,無障礙物,良好,良好,行車管制號誌,正常,無,無分向設施,未繪設車道線,未繪設快慢車道分隔線,無,車與車,同向擦撞,駕駛人,變換車道或方向不當,死亡1;受傷0,1,機車,普通輕型,女,79,戴安全帽或繫安全帶(使用幼童安全椅),未使用,車的狀態,向左變換車道,機車,左側車身,,,駕駛人,變換車道或方向不當,否,121.574122,23.944148
2018,4,20180412,172138,A1,花蓮縣警察局,花蓮縣吉安鄉知卡宣大道3段口 / 花蓮縣吉安鄉廣賢路2段口,晴,日間自然光線,村里道路,50,交岔路,四岔路,交叉路口,交叉路口內,柏油,乾燥,無缺陷,無障礙物,良好,良好,行車管制號誌,正常,無,無分向設施,未繪設車道線,未繪設快慢車道分隔線,無,車與車,同向擦撞,駕駛人,變換車道或方向不當,死亡1;受傷0,2,小貨車(含客、貨兩用),自用,男,27,戴安全帽或繫安全帶(使用幼童安全椅),未使用,車的狀態,向前直行中,汽車,右前車頭(身),,,駕駛人,未注意車前狀態,否,121.574122,23.944148
2018,4,20180413,042200,A1,彰化縣警察局,彰化縣伸港鄉新港村美港公路 / 彰化縣伸港鄉新港村中興路,晴,夜間(或隧道、地下道、涵洞)有照明,縣道,50,交岔路,多岔路,交叉路口,交叉路口內,柏油,乾燥,無缺陷,無障礙物,良好,良好,行車管制號誌,正常,無,無分向設施,未繪設車道線,未繪設快慢車道分隔線,無,人與汽(機)車,穿越道路中,行人(或乘客),未依標誌、標線、號誌或手勢指揮穿越道路,死亡1;受傷0,2,半聯結車,營業用,男,43,戴安全帽或繫安全帶(使用幼童安全椅),未使用,車的狀態,向前直行中,汽車,前車頭,,,駕駛人,未注意車前狀態,否,120.489315,24.150473
2018,4,20180413,042200,A1,彰化縣警察局,彰化縣伸港鄉新港村美港公路 / 彰化縣伸港鄉新港村中興路,晴,夜間(或隧道、地下道、涵洞)有照明,縣道,50,交岔路,多岔路,交叉路口,交叉路口內,柏油,乾燥,無缺陷,無障礙物,良好,良好,行車管制號誌,正常,無,無分向設施,未繪設車道線,未繪設快慢車道分隔線,無,人與汽(機)車,穿越道路中,行人(或乘客),未依標誌、標線、號誌或手勢指揮穿越道路,死亡1;受傷0,1,人,行人,男,68,其他(行人、慢車駕駛人),非汽(機)車駕駛人,人的狀態,步行,其他,非汽(機)車,,,行人(或乘客),未依標誌、標線、號誌或手勢指揮穿越道路,否,120.489315,24.150473
2018,4,20180413,124400,A1,南投縣政府警察局,南投縣埔里鎮中正路102-2號前0.0公尺東側,晴,日間自然光線,鄉道,50,單路部分,直路,路段,路肩、路緣,柏油,乾燥,無缺陷,無障礙物,良好,良好,無號誌,無號誌,雙向禁止超車線,附標記,未繪設車道線,未繪設快慢車道分隔線,有,汽(機)車本身,撞路樹、電桿,駕駛人,酒醉(後)駕駛失控,死亡1;受傷0,2,,,無或物(動物、堆置物),-1,,,,,,,,,無(非車輛駕駛人因素),尚未發現肇事因素,否,120.979618,23.941243
2018,4,20180413,124400,A1,南投縣政府警察局,南投縣埔里鎮中正路102-2號前0.0公尺東側,晴,日間自然光線,鄉道,50,單路部分,直路,路段,路肩、路緣,柏油,乾燥,無缺陷,無障礙物,良好,良好,無號誌,無號誌,雙向禁止超車線,附標記,未繪設車道線,未繪設快慢車道分隔線,有,汽(機)車本身,撞路樹、電桿,駕駛人,酒醉(後)駕駛失控,死亡1;受傷0,1,機車,普通輕型,男,59,不明,不明,車的狀態,向前直行中,機車,前車頭,,,駕駛人,酒醉(後)駕駛失控,否,120.979618,23.941243
2018,4,20180413,185500,A1,嘉義縣警察局,嘉義縣中埔鄉隆興村嘉134-1線0.3公里處,晴,夜間(或隧道、地下道、涵洞)有照明,鄉道,40,單路部分,坡路,路段,路肩、路緣,柏油,乾燥,無缺陷,無障礙物,不良,坡道,無號誌,無號誌,無,無分向設施,未繪設車道線,未繪設快慢車道分隔線,有,汽(機)車本身,撞路樹、電桿,駕駛人,未注意車前狀態,死亡1;受傷0,2,,,無或物(動物、堆置物),-1,,,,,,,,,無(非車輛駕駛人因素),尚未發現肇事因素,否,120.537554,23.439590
2018,4,20180413,185500,A1,嘉義縣警察局,嘉義縣中埔鄉隆興村嘉134-1線0.3公里處,晴,夜間(或隧道、地下道、涵洞)有照明,鄉道,40,單路部分,坡路,路段,路肩、路緣,柏油,乾燥,無缺陷,無障礙物,不良,坡道,無號誌,無號誌,無,無分向設施,未繪設車道線,未繪設快慢車道分隔線,有,汽(機)車本身,撞路樹、電桿,駕駛人,未注意車前狀態,死亡1;受傷0,1,小貨車(含客、貨兩用),自用,男,27,不明,不明,車的狀態,其他,汽車,右前車頭(身),,,駕駛人,未注意車前狀態,否,120.537554,23.439590
2018,4,20180413,221900,A1,國道公路警察局,彰化縣彰化市國道1號 194公里北側向外側,晴,夜間(或隧道、地下道、涵洞)無照明,國道,110,單路部分,直路,路段,快車道,柏油,乾燥,無缺陷,無障礙物,良好,良好,無號誌,無號誌,中央分向島,寛式(50公分以上),車道線(附標記),未繪設快慢車道分隔線,有,車與車,其他,其他,不明原因肇事,死亡1;受傷0,1,,,肇事逃逸尚未查獲,-1,不明,不明,人的狀態,不明,其他,不明,,,其他,不明原因肇事,是,120.556281,24.099435
2018,4,20180413,221900,A1,國道公路警察局,彰化縣彰化市國道1號 194公里北側向外側,晴,夜間(或隧道、地下道、涵洞)無照明,國道,110,單路部分,直路,路段,快車道,柏油,乾燥,無缺陷,無障礙物,良好,良好,無號誌,無號誌,中央分向島,寛式(50公分以上),車道線(附標記),未繪設快慢車道分隔線,有,車與車,其他,其他,不明原因肇事,死亡1;受傷0,2,小客車,自用,男,33,戴安全帽或繫安全帶(使用幼童安全椅),未使用,車的狀態,向前直行中,汽車,前車頭,,,無(車輛駕駛人因素),尚未發現肇事因素,否,120.556281,24.099435
2018,4,20180413,221900,A1,國道公路警察局,彰化縣彰化市國道1號 194公里北側向外側,晴,夜間(或隧道、地下道、涵洞)無照明,國道,110,單路部分,直路,路段,快車道,柏油,乾燥,無缺陷,無障礙物,良好,良好,無號誌,無號誌,中央分向島,寛式(50公分以上),車道線(附標記),未繪設快慢車道分隔線,有,車與車,其他,其他,不明原因肇事,死亡1;受傷0,3,人,乘客,女,30,戴安全帽或繫安全帶(使用幼童安全椅),非汽(機)車駕駛人,人的狀態,其他,其他,非汽(機)車,,,無(非車輛駕駛人因素),尚未發現肇事因素,否,120.556281,24.099435
2018,4,20180414,005650,A1,南投縣政府警察局,南投縣草屯鎮新庄里博愛路1267號對面,晴,日間自然光線,省道,70,單路部分,直路,路段,路肩、路緣,柏油,乾燥,無缺陷,無障礙物,良好,良好,無號誌,無號誌,中央分向島,寛式(50公分以上),車道線(無標記),快慢車道分隔線,有,汽(機)車本身,衝出路外,其他,不明原因肇事,死亡1;受傷0,2,,,無或物(動物、堆置物),-1,,,,,,,,,無(非車輛駕駛人因素),尚未發現肇事因素,否,120.669332,23.989572
2018,4,20180414,005650,A1,南投縣政府警察局,南投縣草屯鎮新庄里博愛路1267號對面,晴,日間自然光線,省道,70,單路部分,直路,路段,路肩、路緣,柏油,乾燥,無缺陷,無障礙物,良好,良好,無號誌,無號誌,中央分向島,寛式(50公分以上),車道線(無標記),快慢車道分隔線,有,汽(機)車本身,衝出路外,其他,不明原因肇事,死亡1;受傷0,1,機車,普通重型,男,56,不明,不明,人的狀態,不明,機車,左側車身,,,其他,不明原因肇事,否,120.669332,23.989572
2018,4,20180414,163828,A1,嘉義縣警察局,嘉義縣阿里山鄉樂野村台18線64公里400公尺處,晴,日間自然光線,省道,30,單路部分,彎曲路及附近,路段,一般車道(未劃分快慢車道),柏油,乾燥,無缺陷,無障礙物,良好,良好,無號誌,無號誌,雙向禁止超車線,附標記,未繪設車道線,未繪設快慢車道分隔線,有,汽(機)車本身,撞護欄(樁),駕駛人,未注意車前狀態,死亡1;受傷6,2,,,無或物(動物、堆置物),-1,,,,,,,,,無(非車輛駕駛人因素),尚未發現肇事因素,否,120.710084,23.470920
2018,4,20180414,163828,A1,嘉義縣警察局,嘉義縣阿里山鄉樂野村台18線64公里400公尺處,晴,日間自然光線,省道,30,單路部分,彎曲路及附近,路段,一般車道(未劃分快慢車道),柏油,乾燥,無缺陷,無障礙物,良好,良好,無號誌,無號誌,雙向禁止超車線,附標記,未繪設車道線,未繪設快慢車道分隔線,有,汽(機)車本身,撞護欄(樁),駕駛人,未注意車前狀態,死亡1;受傷6,1,小客車,自用,男,64,戴安全帽或繫安全帶(使用幼童安全椅),未使用,車的狀態,向前直行中,汽車,前車頭,,,駕駛人,未注意車前狀態,否,120.710084,23.470920
2018,4,20180414,163828,A1,嘉義縣警察局,嘉義縣阿里山鄉樂野村台18線64公里400公尺處,晴,日間自然光線,省道,30,單路部分,彎曲路及附近,路段,一般車道(未劃分快慢車道),柏油,乾燥,無缺陷,無障礙物,良好,良好,無號誌,無號誌,雙向禁止超車線,附標記,未繪設車道線,未繪設快慢車道分隔線,有,汽(機)車本身,撞護欄(樁),駕駛人,未注意車前狀態,死亡1;受傷6,5,人,乘客,女,50,戴安全帽或繫安全帶(使用幼童安全椅),未使用,人的狀態,其他,其他,非汽(機)車,,,無(非車輛駕駛人因素),尚未發現肇事因素,否,120.710084,23.470920
2018,4,20180414,163828,A1,嘉義縣警察局,嘉義縣阿里山鄉樂野村台18線64公里400公尺處,晴,日間自然光線,省道,30,單路部分,彎曲路及附近,路段,一般車道(未劃分快慢車道),柏油,乾燥,無缺陷,無障礙物,良好,良好,無號誌,無號誌,雙向禁止超車線,附標記,未繪設車道線,未繪設快慢車道分隔線,有,汽(機)車本身,撞護欄(樁),駕駛人,未注意車前狀態,死亡1;受傷6,6,人,乘客,女,47,戴安全帽或繫安全帶(使用幼童安全椅),未使用,人的狀態,其他,其他,非汽(機)車,,,無(非車輛駕駛人因素),尚未發現肇事因素,否,120.710084,23.470920
2018,4,20180414,163828,A1,嘉義縣警察局,嘉義縣阿里山鄉樂野村台18線64公里400公尺處,晴,日間自然光線,省道,30,單路部分,彎曲路及附近,路段,一般車道(未劃分快慢車道),柏油,乾燥,無缺陷,無障礙物,良好,良好,無號誌,無號誌,雙向禁止超車線,附標記,未繪設車道線,未繪設快慢車道分隔線,有,汽(機)車本身,撞護欄(樁),駕駛人,未注意車前狀態,死亡1;受傷6,7,人,乘客,女,47,戴安全帽或繫安全帶(使用幼童安全椅),未使用,人的狀態,其他,其他,非汽(機)車,,,無(非車輛駕駛人因素),尚未發現肇事因素,否,120.710084,23.470920
2018,4,20180414,163828,A1,嘉義縣警察局,嘉義縣阿里山鄉樂野村台18線64公里400公尺處,晴,日間自然光線,省道,30,單路部分,彎曲路及附近,路段,一般車道(未劃分快慢車道),柏油,乾燥,無缺陷,無障礙物,良好,良好,無號誌,無號誌,雙向禁止超車線,附標記,未繪設車道線,未繪設快慢車道分隔線,有,汽(機)車本身,撞護欄(樁),駕駛人,未注意車前狀態,死亡1;受傷6,8,人,乘客,男,55,戴安全帽或繫安全帶(使用幼童安全椅),未使用,人的狀態,其他,其他,非汽(機)車,,,無(非車輛駕駛人因素),尚未發現肇事因素,否,120.710084,23.470920
2018,4,20180414,163828,A1,嘉義縣警察局,嘉義縣阿里山鄉樂野村台18線64公里400公尺處,晴,日間自然光線,省道,30,單路部分,彎曲路及附近,路段,一般車道(未劃分快慢車道),柏油,乾燥,無缺陷,無障礙物,良好,良好,無號誌,無號誌,雙向禁止超車線,附標記,未繪設車道線,未繪設快慢車道分隔線,有,汽(機)車本身,撞護欄(樁),駕駛人,未注意車前狀態,死亡1;受傷6,3,人,乘客,女,56,戴安全帽或繫安全帶(使用幼童安全椅),非汽(機)車駕駛人,人的狀態,其他,其他,非汽(機)車,,,無(非車輛駕駛人因素),尚未發現肇事因素,否,120.710084,23.470920
2018,4,20180414,163828,A1,嘉義縣警察局,嘉義縣阿里山鄉樂野村台18線64公里400公尺處,晴,日間自然光線,省道,30,單路部分,彎曲路及附近,路段,一般車道(未劃分快慢車道),柏油,乾燥,無缺陷,無障礙物,良好,良好,無號誌,無號誌,雙向禁止超車線,附標記,未繪設車道線,未繪設快慢車道分隔線,有,汽(機)車本身,撞護欄(樁),駕駛人,未注意車前狀態,死亡1;受傷6,4,人,乘客,男,56,戴安全帽或繫安全帶(使用幼童安全椅),非汽(機)車駕駛人,人的狀態,其他,其他,非汽(機)車,,,無(非車輛駕駛人因素),尚未發現肇事因素,否,120.710084,23.470920
2018,4,20180414,235215,A1,臺南市政府警察局,臺南市麻豆區寮廍里市道171線口 / 臺南市麻豆區寮廍里市道171甲線,晴,夜間(或隧道、地下道、涵洞)有照明,市區道路,50,交岔路,四岔路,交叉路口,交叉路口內,柏油,乾燥,無缺陷,無障礙物,良好,良好,閃光號誌,正常,無,無分向設施,未繪設車道線,未繪設快慢車道分隔線,無,車與車,路口交岔撞,駕駛人,未依規定讓車,死亡1;受傷1,2,機車,普通重型,男,22,不明,不明,車的狀態,向前直行中,機車,前車頭,,,駕駛人,未依規定減速,否,120.276435,23.188769
2018,4,20180414,235215,A1,臺南市政府警察局,臺南市麻豆區寮廍里市道171線口 / 臺南市麻豆區寮廍里市道171甲線,晴,夜間(或隧道、地下道、涵洞)有照明,市區道路,50,交岔路,四岔路,交叉路口,交叉路口內,柏油,乾燥,無缺陷,無障礙物,良好,良好,閃光號誌,正常,無,無分向設施,未繪設車道線,未繪設快慢車道分隔線,無,車與車,路口交岔撞,駕駛人,未依規定讓車,死亡1;受傷1,1,小貨車(含客、貨兩用),自用,男,31,戴安全帽或繫安全帶(使用幼童安全椅),未使用,車的狀態,向前直行中,汽車,左後車尾(身),,,駕駛人,未依規定讓車,否,120.276435,23.188769
2018,4,20180414,235215,A1,臺南市政府警察局,臺南市麻豆區寮廍里市道171線口 / 臺南市麻豆區寮廍里市道171甲線,晴,夜間(或隧道、地下道、涵洞)有照明,市區道路,50,交岔路,四岔路,交叉路口,交叉路口內,柏油,乾燥,無缺陷,無障礙物,良好,良好,閃光號誌,正常,無,無分向設施,未繪設車道線,未繪設快慢車道分隔線,無,車與車,路口交岔撞,駕駛人,未依規定讓車,死亡1;受傷1,3,小客車,自用,男,29,戴安全帽或繫安全帶(使用幼童安全椅),未使用,車的狀態,向前直行中,汽車,左前車頭(身),,,無(車輛駕駛人因素),尚未發現肇事因素,否,120.276435,23.188769
2018,4,20180415,085512,A1,南投縣政府警察局,南投縣南投市育樂路97號西側,晴,日間自然光線,市區道路,50,單路部分,直路,路段,一般車道(未劃分快慢車道),柏油,乾燥,無缺陷,無障礙物,良好,良好,行車管制號誌,正常,雙向禁止超車線,無標記,未繪設車道線,未繪設快慢車道分隔線,有,車與車,追撞,駕駛人,酒醉(後)駕駛失控,死亡1;受傷0,1,機車,普通重型,男,47,戴安全帽或繫安全帶(使用幼童安全椅),未使用,車的狀態,向前直行中,機車,前車頭,,,駕駛人,酒醉(後)駕駛失控,否,120.691285,23.912226
2018,4,20180415,085512,A1,南投縣政府警察局,南投縣南投市育樂路97號西側,晴,日間自然光線,市區道路,50,單路部分,直路,路段,一般車道(未劃分快慢車道),柏油,乾燥,無缺陷,無障礙物,良好,良好,行車管制號誌,正常,雙向禁止超車線,無標記,未繪設車道線,未繪設快慢車道分隔線,有,車與車,追撞,駕駛人,酒醉(後)駕駛失控,死亡1;受傷0,2,小客車,自用,男,27,戴安全帽或繫安全帶(使用幼童安全椅),未使用,車的狀態,等待(引擎未熄火),汽車,後車尾,,,無(車輛駕駛人因素),尚未發現肇事因素,否,120.691285,23.912226
2018,4,20180415,091500,A1,金門縣警察局,金門縣烈嶼鄉九井路前0.0公尺,陰,日間自然光線,鄉道,40,單路部分,彎曲路及附近,路段,一般車道(未劃分快慢車道),柏油,乾燥,無缺陷,無障礙物,良好,良好,無號誌,無號誌,雙向禁止超車線,附標記,未繪設車道線,未繪設快慢車道分隔線,有,車與車,對向擦撞,駕駛人,違反特定標誌(線)禁制,死亡1;受傷0,2,機車,普通重型,男,78,戴安全帽或繫安全帶(使用幼童安全椅),未使用,車的狀態,向前直行中,機車,前車頭,機車,前車頭,駕駛人,未依規定減速,否,118.250647,24.425945
2018,4,20180415,091500,A1,金門縣警察局,金門縣烈嶼鄉九井路前0.0公尺,陰,日間自然光線,鄉道,40,單路部分,彎曲路及附近,路段,一般車道(未劃分快慢車道),柏油,乾燥,無缺陷,無障礙物,良好,良好,無號誌,無號誌,雙向禁止超車線,附標記,未繪設車道線,未繪設快慢車道分隔線,有,車與車,對向擦撞,駕駛人,違反特定標誌(線)禁制,死亡1;受傷0,1,小貨車(含客、貨兩用),自用,女,39,戴安全帽或繫安全帶(使用幼童安全椅),未使用,車的狀態,向前直行中,汽車,左前車頭(身),汽車,左前車頭(身),駕駛人,違反特定標誌(線)禁制,否,118.250647,24.425945
2018,4,20180415,135200,A1,屏東縣政府警察局,屏東縣九如鄉九如路一段與機場外環道路口,晴,日間自然光線,省道,60,交岔路,三岔路,交叉路口,交叉路口內,柏油,乾燥,無缺陷,無障礙物,良好,良好,行車管制號誌,正常,中央分向島,寛式(50公分以上),禁止變換車道線(附標記),快慢車道分隔線,有,車與車,側撞,駕駛人,未依規定讓車,死亡1;受傷0,2,機車,普通重型,男,72,戴安全帽或繫安全帶(使用幼童安全椅),未使用,車的狀態,左轉彎,機車,右側車身,,,駕駛人,未依規定讓車,否,120.487934,22.707813
2018,4,20180415,135200,A1,屏東縣政府警察局,屏東縣九如鄉九如路一段與機場外環道路口,晴,日間自然光線,省道,60,交岔路,三岔路,交叉路口,交叉路口內,柏油,乾燥,無缺陷,無障礙物,良好,良好,行車管制號誌,正常,中央分向島,寛式(50公分以上),禁止變換車道線(附標記),快慢車道分隔線,有,車與車,側撞,駕駛人,未依規定讓車,死亡1;受傷0,1,小客車,自用,男,49,戴安全帽或繫安全帶(使用幼童安全椅),未使用,車的狀態,向前直行中,汽車,左前車頭(身),,,駕駛人,未依規定讓車,否,120.487934,22.707813
2018,4,20180415,191000,A1,嘉義市政府警察局,嘉義市東區後庄里林森東路691弄前0.0公尺,雨,夜間(或隧道、地下道、涵洞)有照明,市區道路,50,交岔路,三岔路,交叉路口,交叉路口內,柏油,濕潤,無缺陷,無障礙物,良好,良好,行車管制號誌,正常,無,無分向設施,未繪設車道線,未繪設快慢車道分隔線,無,車與車,路口交岔撞,駕駛人,違反號誌管制或指揮,死亡1;受傷0,1,慢車,腳踏自行車,男,72,其他(行人、慢車駕駛人),未使用,車的狀態,起步,其他,非汽(機)車,,,駕駛人,違反號誌管制或指揮,否,120.480833,23.497468
2018,4,20180415,191000,A1,嘉義市政府警察局,嘉義市東區後庄里林森東路691弄前0.0公尺,雨,夜間(或隧道、地下道、涵洞)有照明,市區道路,50,交岔路,三岔路,交叉路口,交叉路口內,柏油,濕潤,無缺陷,無障礙物,良好,良好,行車管制號誌,正常,無,無分向設施,未繪設車道線,未繪設快慢車道分隔線,無,車與車,路口交岔撞,駕駛人,違反號誌管制或指揮,死亡1;受傷0,2,小客車,計程車,男,40,戴安全帽或繫安全帶(使用幼童安全椅),未使用,車的狀態,向前直行中,汽車,前車頭,,,駕駛人,超速失控,否,120.480833,23.497468
2018,4,20180415,203100,A1,新北市政府警察局,新北市三芝區臺2線道路前0.0公尺,晴,夜間(或隧道、地下道、涵洞)有照明,市區道路,60,單路部分,直路,路段,一般車道(未劃分快慢車道),柏油,乾燥,無缺陷,無障礙物,良好,良好,無號誌,無號誌,中央分向島,寛式(50公分以上),車道線(附標記),未繪設快慢車道分隔線,有,汽(機)車本身,其他,駕駛人,酒醉(後)駕駛失控,死亡1;受傷0,2,,,無或物(動物、堆置物),0,,,,,,,,,無(非車輛駕駛人因素),尚未發現肇事因素,否,121.488462,25.264386
2018,4,20180415,203100,A1,新北市政府警察局,新北市三芝區臺2線道路前0.0公尺,晴,夜間(或隧道、地下道、涵洞)有照明,市區道路,60,單路部分,直路,路段,一般車道(未劃分快慢車道),柏油,乾燥,無缺陷,無障礙物,良好,良好,無號誌,無號誌,中央分向島,寛式(50公分以上),車道線(附標記),未繪設快慢車道分隔線,有,汽(機)車本身,其他,駕駛人,酒醉(後)駕駛失控,死亡1;受傷0,1,機車,普通重型,男,41,不明,不明,車的狀態,向右變換車道,機車,前車頭,機車,前車頭,駕駛人,酒醉(後)駕駛失控,否,121.488462,25.264386
2018,4,20180416,081700,A1,彰化縣警察局,彰化縣田中鎮香山里山腳路2段 / 彰化縣田中鎮香山里山腳路2段,晴,日間自然光線,縣道,40,交岔路,三岔路,交叉路口,交叉路口內,柏油,乾燥,無缺陷,無障礙物,良好,良好,無號誌,無號誌,無,無分向設施,未繪設車道線,未繪設快慢車道分隔線,無,人與汽(機)車,穿越道路中,駕駛人,未注意車前狀態,死亡1;受傷0,1,小客車,自用,男,36,不明,不明,車的狀態,向前直行中,汽車,左前車頭(身),,,駕駛人,未注意車前狀態,否,120.604100,23.846493
2018,4,20180416,081700,A1,彰化縣警察局,彰化縣田中鎮香山里山腳路2段 / 彰化縣田中鎮香山里山腳路2段,晴,日間自然光線,縣道,40,交岔路,三岔路,交叉路口,交叉路口內,柏油,乾燥,無缺陷,無障礙物,良好,良好,無號誌,無號誌,無,無分向設施,未繪設車道線,未繪設快慢車道分隔線,無,人與汽(機)車,穿越道路中,駕駛人,未注意車前狀態,死亡1;受傷0,2,人,行人,男,84,其他(行人、慢車駕駛人),非汽(機)車駕駛人,人的狀態,步行,其他,非汽(機)車,,,行人(或乘客),穿越道路未注意左右來車,否,120.604100,23.846493