發生年度,發生月份,發生日期,發生時間,事故類別名稱,處理單位名稱警局層,發生地點,天候名稱,光線名稱,道路類別-第1當事者-名稱,速限-第1當事者,道路型態大類別名稱,道路型態子類別名稱,事故位置大類別名稱,事故位置子類別名稱,路面狀況-路面鋪裝名稱,路面狀況-路面狀態名稱,路面狀況-路面缺陷名稱,道路障礙-障礙物名稱,道路障礙-視距品質名稱,道路障礙-視距名稱,號誌-號誌種類名稱,號誌-號誌動作名稱,車道劃分設施-分向設施大類別名稱,車道劃分設施-分向設施子類別名稱,車道劃分設施-分道設施-快車道或一般車道間名稱,車道劃分設施-分道設施-快慢車道間名稱,車道劃分設施-分道設施-路面邊線名稱,事故類型及型態大類別名稱,事故類型及型態子類別名稱,肇因研判大類別名稱-主要,肇因研判子類別名稱-主要,死亡受傷人數,當事者順位,當事者區分-類別-大類別名稱-車種,當事者區分-類別-子類別名稱-車種,當事者屬-性-別名稱,當事者事故發生時年齡,保護裝備名稱,行動電話或電腦或其他相類功能裝置名稱,當事者行動狀態大類別名稱,當事者行動狀態子類別名稱,車輛撞擊部位大類別名稱-最初,車輛撞擊部位子類別名稱-最初,車輛撞擊部位大類別名稱-其他,車輛撞擊部位子類別名稱-其他,肇因研判大類別名稱-個別,肇因研判子類別名稱-個別,肇事逃逸類別名稱-是否肇逃,經度,緯度
2018,5,20180524,074004,A1,桃園市政府警察局,桃園市八德區福興里仁德路東側 / 桃園市八德區長興一路,晴,日間自然光線,市區道路,50,交岔路,三岔路,交叉路口,交叉路口內,柏油,乾燥,無缺陷,無障礙物,良好,良好,無號誌,無號誌,無,無分向設施,未繪設車道線,未繪設快慢車道分隔線,無,車與車,側撞,駕駛人,未依規定讓車,死亡1;受傷1,1,慢車,腳踏自行車,女,79,其他(行人、慢車駕駛人),未使用,車的狀態,左轉彎,其他,非汽(機)車,,,駕駛人,未依規定讓車,否,121.282517,24.936048
2018,5,20180524,074004,A1,桃園市政府警察局,桃園市八德區福興里仁德路東側 / 桃園市八德區長興一路,晴,日間自然光線,市區道路,50,交岔路,三岔路,交叉路口,交叉路口內,柏油,乾燥,無缺陷,無障礙物,良好,良好,無號誌,無號誌,無,無分向設施,未繪設車道線,未繪設快慢車道分隔線,無,車與車,側撞,駕駛人,未依規定讓車,死亡1;受傷1,2,機車,普通重型,男,54,戴安全帽或繫安全帶(使用幼童安全椅),未使用,車的狀態,向前直行中,機車,前車頭,,,駕駛人,未注意車前狀態,否,121.282517,24.936048
2018,5,20180525,143400,A1,彰化縣警察局,彰化縣芳苑鄉三成村上城路1-3號前0.0公尺,晴,日間自然光線,村里道路,50,單路部分,直路,路段,一般車道(未劃分快慢車道),柏油,乾燥,無缺陷,無障礙物,良好,良好,無號誌,無號誌,行車分向線,無標記,未繪設車道線,未繪設快慢車道分隔線,無,車與車,其他,駕駛人,未保持行車安全間隔,死亡1;受傷0,1,大貨車,自用,男,36,戴安全帽或繫安全帶(使用幼童安全椅),未使用,車的狀態,向前直行中,汽車,右後車尾(身),,,駕駛人,未保持行車安全間隔,否,120.334846,23.882805
2018,5,20180525,143400,A1,彰化縣警察局,彰化縣芳苑鄉三成村上城路1-3號前0.0公尺,晴,日間自然光線,村里道路,50,單路部分,直路,路段,一般車道(未劃分快慢車道),柏油,乾燥,無缺陷,無障礙物,良好,良好,無號誌,無號誌,行車分向線,無標記,未繪設車道線,未繪設快慢車道分隔線,無,車與車,其他,駕駛人,未保持行車安全間隔,死亡1;受傷0,2,慢車,腳踏自行車,女,79,其他(行人、慢車駕駛人),非汽(機)車駕駛人,車的狀態,向前直行中,其他,不明,,,無(車輛駕駛人因素),尚未發現肇事因素,否,120.334846,23.882805
2018,5,20180525,163900,A1,臺南市政府警察局,臺南市白河區詔豐里頂山腳70號前,晴,日間自然光線,市區道路,50,單路部分,直路,路段,一般車道(未劃分快慢車道),柏油,乾燥,無缺陷,無障礙物,良好,良好,無號誌,無號誌,行車分向線,無標記,未繪設車道線,未繪設快慢車道分隔線,有,人與汽(機)車,同向通行中,駕駛人,未注意車前狀態,死亡1;受傷0,2,人,行人,男,72,其他(行人、慢車駕駛人),非汽(機)車駕駛人,人的狀態,其他,其他,非汽(機)車,,,行人(或乘客),其他引起事故之疏失或行為,否,120.413357,23.388026
2018,5,20180525,163900,A1,臺南市政府警察局,臺南市白河區詔豐里頂山腳70號前,晴,日間自然光線,市區道路,50,單路部分,直路,路段,一般車道(未劃分快慢車道),柏油,乾燥,無缺陷,無障礙物,良好,良好,無號誌,無號誌,行車分向線,無標記,未繪設車道線,未繪設快慢車道分隔線,有,人與汽(機)車,同向通行中,駕駛人,未注意車前狀態,死亡1;受傷0,1,小貨車(含客、貨兩用),自用,男,38,戴安全帽或繫安全帶(使用幼童安全椅),未使用,車的狀態,向前直行中,汽車,右前車頭(身),,,駕駛人,未注意車前狀態,否,120.413357,23.388026
2018,5,20180525,211200,A1,高雄市政府警察局,高雄市鳳山區澄清路 / 高雄市鳳山區自由路,晴,夜間(或隧道、地下道、涵洞)有照明,市區道路,40,交岔路,四岔路,交叉路口,交叉路口內,柏油,乾燥,無缺陷,無障礙物,良好,良好,行車管制號誌(附設行人專用號誌),正常,無,無分向設施,未繪設車道線,未繪設快慢車道分隔線,無,車與車,側撞,駕駛人,違反號誌管制或指揮,死亡1;受傷1,1,機車,普通重型,男,19,戴安全帽或繫安全帶(使用幼童安全椅),未使用,車的狀態,向前直行中,機車,前車頭,機車,前車頭,駕駛人,違反號誌管制或指揮,否,120.344700,22.624900
2018,5,20180525,211200,A1,高雄市政府警察局,高雄市鳳山區澄清路 / 高雄市鳳山區自由路,晴,夜間(或隧道、地下道、涵洞)有照明,市區道路,40,交岔路,四岔路,交叉路口,交叉路口內,柏油,乾燥,無缺陷,無障礙物,良好,良好,行車管制號誌(附設行人專用號誌),正常,無,無分向設施,未繪設車道線,未繪設快慢車道分隔線,無,車與車,側撞,駕駛人,違反號誌管制或指揮,死亡1;受傷1,2,機車,普通重型,男,78,戴安全帽或繫安全帶(使用幼童安全椅),未使用,車的狀態,向前直行中,機車,左側車身,機車,左側車身,駕駛人,違反號誌管制或指揮,否,120.344700,22.624900
2018,5,20180525,225700,A1,彰化縣警察局,彰化縣和美鎮竹園里線東路7段79號前0.0公尺前,晴,夜間(或隧道、地下道、涵洞)有照明,村里道路,60,交岔路,三岔路,交叉路口,交叉路口內,柏油,乾燥,無缺陷,無障礙物,良好,良好,閃光號誌,正常,無,無分向設施,未繪設車道線,未繪設快慢車道分隔線,無,車與車,側撞,駕駛人,未依規定讓車,死亡1;受傷0,1,機車,普通重型,男,55,戴安全帽或繫安全帶(使用幼童安全椅),未使用,車的狀態,左轉彎,機車,右側車身,,,駕駛人,未依規定讓車,否,120.529153,24.125142
2018,5,20180525,225700,A1,彰化縣警察局,彰化縣和美鎮竹園里線東路7段79號前0.0公尺前,晴,夜間(或隧道、地下道、涵洞)有照明,村里道路,60,交岔路,三岔路,交叉路口,交叉路口內,柏油,乾燥,無缺陷,無障礙物,良好,良好,閃光號誌,正常,無,無分向設施,未繪設車道線,未繪設快慢車道分隔線,無,車與車,側撞,駕駛人,未依規定讓車,死亡1;受傷0,2,小客車,自用,男,53,戴安全帽或繫安全帶(使用幼童安全椅),未使用,車的狀態,向前直行中,汽車,前車頭,,,駕駛人,未依規定減速,否,120.529153,24.125142
2018,5,20180526,070900,A1,新北市政府警察局,新北市石碇區北宜公路前0.0公尺,晴,日間自然光線,縣道,40,單路部分,彎曲路及附近,路段,一般車道(未劃分快慢車道),柏油,乾燥,無缺陷,無障礙物,良好,良好,無號誌,無號誌,雙向禁止超車線,附標記,禁止變換車道線(附標記),未繪設快慢車道分隔線,有,車與車,其他,駕駛人,未依規定減速,死亡1;受傷0,1,機車,普通重型,男,18,戴安全帽或繫安全帶(使用幼童安全椅),未使用,車的狀態,向前直行中,機車,前車頭,機車,前車頭,駕駛人,未依規定減速,否,121.677618,24.937839
2018,5,20180526,070900,A1,新北市政府警察局,新北市石碇區北宜公路前0.0公尺,晴,日間自然光線,縣道,40,單路部分,彎曲路及附近,路段,一般車道(未劃分快慢車道),柏油,乾燥,無缺陷,無障礙物,良好,良好,無號誌,無號誌,雙向禁止超車線,附標記,禁止變換車道線(附標記),未繪設快慢車道分隔線,有,車與車,其他,駕駛人,未依規定減速,死亡1;受傷0,2,大貨車,營業用,男,41,戴安全帽或繫安全帶(使用幼童安全椅),未使用,車的狀態,向前直行中,汽車,前車頭,汽車,前車頭,無(車輛駕駛人因素),尚未發現肇事因素,否,121.677618,24.937839
2018,5,20180526,072000,A1,新北市政府警察局,新北市三峽區介壽路1段498號前0.0公尺,晴,日間自然光線,市區道路,50,單路部分,直路,路段,一般車道(未劃分快慢車道),柏油,乾燥,無缺陷,無障礙物,良好,良好,閃光號誌,正常,中央分向島,窄式無柵欄,車道線(無標記),未繪設快慢車道分隔線,有,人與汽(機)車,穿越道路中,行人(或乘客),未依規定行走行人穿越道、地下道、天橋而穿越道路,死亡1;受傷0,2,小客車,自用,男,83,戴安全帽或繫安全帶(使用幼童安全椅),未使用,車的狀態,向前直行中,汽車,前車頭,汽車,前車頭,駕駛人,未注意車前狀態,否,121.385773,24.932166
2018,5,20180526,072000,A1,新北市政府警察局,新北市三峽區介壽路1段498號前0.0公尺,晴,日間自然光線,市區道路,50,單路部分,直路,路段,一般車道(未劃分快慢車道),柏油,乾燥,無缺陷,無障礙物,良好,良好,閃光號誌,正常,中央分向島,窄式無柵欄,車道線(無標記),未繪設快慢車道分隔線,有,人與汽(機)車,穿越道路中,行人(或乘客),未依規定行走行人穿越道、地下道、天橋而穿越道路,死亡1;受傷0,1,人,行人,女,78,其他(行人、慢車駕駛人),非汽(機)車駕駛人,人的狀態,步行,其他,非汽(機)車,其他,非汽(機)車,行人(或乘客),未依規定行走行人穿越道、地下道、天橋而穿越道路,否,121.385773,24.932166
2018,5,20180527,062345,A1,苗栗縣警察局,苗栗縣苑裡鎮玉豐一路與玉豐十路路口,晴,日間自然光線,市區道路,40,交岔路,四岔路,交叉路口,交叉路口內,柏油,乾燥,無缺陷,有堆積物,良好,良好,無號誌,無號誌,無,無分向設施,未繪設車道線,未繪設快慢車道分隔線,有,車與車,路口交岔撞,駕駛人,未依規定讓車,死亡1;受傷0,3,人,其他人,男,42,,,,,,,,,交通管制(設施),路況危險無安全(警告)設施,否,120.683050,24.384743
2018,5,20180527,062345,A1,苗栗縣警察局,苗栗縣苑裡鎮玉豐一路與玉豐十路路口,晴,日間自然光線,市區道路,40,交岔路,四岔路,交叉路口,交叉路口內,柏油,乾燥,無缺陷,有堆積物,良好,良好,無號誌,無號誌,無,無分向設施,未繪設車道線,未繪設快慢車道分隔線,有,車與車,路口交岔撞,駕駛人,未依規定讓車,死亡1;受傷0,1,小客車,自用,男,26,戴安全帽或繫安全帶(使用幼童安全椅),不明,車的狀態,向前直行中,汽車,前車頭,汽車,右前車頭(身),駕駛人,未依規定讓車,否,120.683050,24.384743
2018,5,20180527,062345,A1,苗栗縣警察局,苗栗縣苑裡鎮玉豐一路與玉豐十路路口,晴,日間自然光線,市區道路,40,交岔路,四岔路,交叉路口,交叉路口內,柏油,乾燥,無缺陷,有堆積物,良好,良好,無號誌,無號誌,無,無分向設施,未繪設車道線,未繪設快慢車道分隔線,有,車與車,路口交岔撞,駕駛人,未依規定讓車,死亡1;受傷0,2,機車,普通重型,女,56,戴安全帽或繫安全帶(使用幼童安全椅),不明,車的狀態,向前直行中,機車,左側車身,汽車,左前車頭(身),駕駛人,未依規定減速,否,120.683050,24.384743
2018,5,20180527,114031,A1,桃園市政府警察局,桃園市龜山區忠義路3段170-1號前0.0公尺附近,晴,日間自然光線,縣道,60,單路部分,直路,路段,快車道,柏油,乾燥,無缺陷,無障礙物,良好,良好,無號誌,無號誌,中央分向島,寛式(50公分以上),車道線(無標記),快慢車道分隔線,有,人與汽(機)車,穿越道路中,駕駛人,未注意車前狀態,死亡1;受傷0,2,人,行人,男,31,戴安全帽或繫安全帶(使用幼童安全椅),未使用,人的狀態,步行,其他,非汽(機)車,,,行人(或乘客),穿越道路未注意左右來車,否,121.354347,25.061800
2018,5,20180527,114031,A1,桃園市政府警察局,桃園市龜山區忠義路3段170-1號前0.0公尺附近,晴,日間自然光線,縣道,60,單路部分,直路,路段,快車道,柏油,乾燥,無缺陷,無障礙物,良好,良好,無號誌,無號誌,中央分向島,寛式(50公分以上),車道線(無標記),快慢車道分隔線,有,人與汽(機)車,穿越道路中,駕駛人,未注意車前狀態,死亡1;受傷0,1,小貨車(含客、貨兩用),自用,男,33,戴安全帽或繫安全帶(使用幼童安全椅),未使用,車的狀態,向前直行中,汽車,前車頭,,,駕駛人,未注意車前狀態,否,121.354347,25.061800
2018,5,20180527,191900,A1,臺南市政府警察局,臺南市學甲區台84線 10公里900.0公尺處向內側,晴,夜間(或隧道、地下道、涵洞)無照明,省道,100,單路部分,直路,路段,快車道,柏油,乾燥,無缺陷,無障礙物,良好,良好,無號誌,無號誌,中央分向島,寛式(50公分以上),車道線(附標記),未繪設快慢車道分隔線,有,汽(機)車本身,撞交通島,駕駛人,未注意車前狀態,死亡1;受傷0,2,,,無或物(動物、堆置物),-1,,,,,,,,,無(非車輛駕駛人因素),尚未發現肇事因素,否,120.214529,23.234959
2018,5,20180527,191900,A1,臺南市政府警察局,臺南市學甲區台84線 10公里900.0公尺處向內側,晴,夜間(或隧道、地下道、涵洞)無照明,省道,100,單路部分,直路,路段,快車道,柏油,乾燥,無缺陷,無障礙物,良好,良好,無號誌,無號誌,中央分向島,寛式(50公分以上),車道線(附標記),未繪設快慢車道分隔線,有,汽(機)車本身,撞交通島,駕駛人,未注意車前狀態,死亡1;受傷0,3,小客車,自用,男,53,戴安全帽或繫安全帶(使用幼童安全椅),未使用,車的狀態,向前直行中,汽車,前車頭,,,駕駛人,未注意車前狀態,否,120.214529,23.234959
2018,5,20180527,191900,A1,臺南市政府警察局,臺南市學甲區台84線 10公里900.0公尺處向內側,晴,夜間(或隧道、地下道、涵洞)無照明,省道,100,單路部分,直路,路段,快車道,柏油,乾燥,無缺陷,無障礙物,良好,良好,無號誌,無號誌,中央分向島,寛式(50公分以上),車道線(附標記),未繪設快慢車道分隔線,有,汽(機)車本身,撞交通島,駕駛人,未注意車前狀態,死亡1;受傷0,1,機車,大型重型1(550C.C.以上),男,44,戴安全帽或繫安全帶(使用幼童安全椅),未使用,車的狀態,向前直行中,機車,左側車身,,,駕駛人,未注意車前狀態,否,120.214529,23.234959
2018,5,20180527,192900,A1,屏東縣政府警察局,屏東縣潮州鎮光春路342之1號,晴,夜間(或隧道、地下道、涵洞)有照明,其他,50,單路部分,直路,路段,一般車道(未劃分快慢車道),柏油,乾燥,無缺陷,路上有停車,不良,路上停放車輛,無號誌,無號誌,行車分向線,附標記,未繪設車道線,未繪設快慢車道分隔線,有,車與車,追撞,駕駛人,酒醉(後)駕駛失控,死亡1;受傷0,1,機車,普通重型,女,73,戴安全帽或繫安全帶(使用幼童安全椅),未使用,車的狀態,向前直行中,機車,前車頭,,,駕駛人,酒醉(後)駕駛失控,否,120.541533,22.532429
2018,5,20180527,192900,A1,屏東縣政府警察局,屏東縣潮州鎮光春路342之1號,晴,夜間(或隧道、地下道、涵洞)有照明,其他,50,單路部分,直路,路段,一般車道(未劃分快慢車道),柏油,乾燥,無缺陷,路上有停車,不良,路上停放車輛,無號誌,無號誌,行車分向線,附標記,未繪設車道線,未繪設快慢車道分隔線,有,車與車,追撞,駕駛人,酒醉(後)駕駛失控,死亡1;受傷0,2,小客車,自用,男,53,戴安全帽或繫安全帶(使用幼童安全椅),未使用,車的狀態,靜止(引擎熄火),汽車,後車尾,,,其他,違規停車或暫停不當而肇事,否,120.541533,22.532429
2018,5,20180527,205700,A1,彰化縣警察局,彰化縣二水鄉上豊村山腳路2段 / 彰化縣二水鄉上豊村山腳路2段,晴,夜間(或隧道、地下道、涵洞)有照明,縣道,40,交岔路,三岔路,交叉路口,交叉路口內,柏油,乾燥,無缺陷,無障礙物,良好,良好,無號誌,無號誌,無,無分向設施,未繪設車道線,未繪設快慢車道分隔線,無,車與車,對撞,駕駛人,逆向行駛,死亡1;受傷0,2,大貨車,營業用,男,26,不明,不明,車的狀態,向前直行中,汽車,前車頭,,,無(車輛駕駛人因素),尚未發現肇事因素,否,120.613980,23.821893
2018,5,20180527,205700,A1,彰化縣警察局,彰化縣二水鄉上豊村山腳路2段 / 彰化縣二水鄉上豊村山腳路2段,晴,夜間(或隧道、地下道、涵洞)有照明,縣道,40,交岔路,三岔路,交叉路口,交叉路口內,柏油,乾燥,無缺陷,無障礙物,良好,良好,無號誌,無號誌,無,無分向設施,未繪設車道線,未繪設快慢車道分隔線,無,車與車,對撞,駕駛人,逆向行駛,死亡1;受傷0,1,機車,普通重型,男,47,戴安全帽或繫安全帶(使用幼童安全椅),未使用,車的狀態,向前直行中,機車,前車頭,,,駕駛人,逆向行駛,否,120.613980,23.821893
2018,5,20180527,222000,A1,臺中市政府警察局,臺中市清水區東山里神清路2-161號前0.0公尺,晴,夜間(或隧道、地下道、涵洞)有照明,市區道路,50,單路部分,直路,路段,一般車道(未劃分快慢車道),柏油,乾燥,無缺陷,無障礙物,良好,良好,無號誌,無號誌,雙向禁止超車線,無標記,車道線(無標記),未繪設快慢車道分隔線,無,汽(機)車本身,路上翻車、摔倒,其他,不明原因肇事,死亡1;受傷0,2,,,無或物(動物、堆置物),0,,,,,,,,,無(非車輛駕駛人因素),尚未發現肇事因素,否,120.638002,24.270782
2018,5,20180527,222000,A1,臺中市政府警察局,臺中市清水區東山里神清路2-161號前0.0公尺,晴,夜間(或隧道、地下道、涵洞)有照明,市區道路,50,單路部分,直路,路段,一般車道(未劃分快慢車道),柏油,乾燥,無缺陷,無障礙物,良好,良好,無號誌,無號誌,雙向禁止超車線,無標記,車道線(無標記),未繪設快慢車道分隔線,無,汽(機)車本身,路上翻車、摔倒,其他,不明原因肇事,死亡1;受傷0,1,機車,普通重型,男,16,戴安全帽或繫安全帶(使用幼童安全椅),未使用,車的狀態,向前直行中,機車,右側車身,,,其他,不明原因肇事,否,120.638002,24.270782
2018,5,20180528,182200,A1,新竹縣政府警察局,新竹縣竹東鎮南清公路前32.7公尺附近,晴,晨或暮光,縣道,50,單路部分,彎曲路及附近,路段,一般車道(未劃分快慢車道),柏油,乾燥,無缺陷,無障礙物,良好,良好,無號誌,無號誌,無,無分向設施,車道線(無標記),未繪設快慢車道分隔線,有,汽(機)車本身,路上翻車、摔倒,駕駛人,未注意車前狀態,死亡1;受傷0,2,,,無或物(動物、堆置物),-1,,,,,,,,,無(非車輛駕駛人因素),尚未發現肇事因素,否,121.122535,24.659820
2018,5,20180528,182200,A1,新竹縣政府警察局,新竹縣竹東鎮南清公路前32.7公尺附近,晴,晨或暮光,縣道,50,單路部分,彎曲路及附近,路段,一般車道(未劃分快慢車道),柏油,乾燥,無缺陷,無障礙物,良好,良好,無號誌,無號誌,無,無分向設施,車道線(無標記),未繪設快慢車道分隔線,有,汽(機)車本身,路上翻車、摔倒,駕駛人,未注意車前狀態,死亡1;受傷0,1,機車,普通重型,男,41,戴安全帽或繫安全帶(使用幼童安全椅),未使用,車的狀態,向前直行中,機車,前車頭,機車,前車頭,駕駛人,未注意車前狀態,否,121.122535,24.659820
2018,5,20180528,185400,A1,花蓮縣警察局,花蓮縣玉里鎮忠勇路東側 / 花蓮縣玉里鎮興國路南側,晴,夜間(或隧道、地下道、涵洞)有照明,省道,60,交岔路,三岔路,交叉路口,交叉路口內,柏油,乾燥,無缺陷,無障礙物,良好,良好,行車管制號誌,正常,無,無分向設施,未繪設車道線,未繪設快慢車道分隔線,無,車與車,側撞,駕駛人,左轉彎未依規定,死亡1;受傷0,1,機車,普通重型,男,78,戴安全帽或繫安全帶(使用幼童安全椅),未使用,車的狀態,左轉彎,機車,左側車身,,,駕駛人,左轉彎未依規定,否,121.321578,23.328442
2018,5,20180528,185400,A1,花蓮縣警察局,花蓮縣玉里鎮忠勇路東側 / 花蓮縣玉里鎮興國路南側,晴,夜間(或隧道、地下道、涵洞)有照明,省道,60,交岔路,三岔路,交叉路口,交叉路口內,柏油,乾燥,無缺陷,無障礙物,良好,良好,行車管制號誌,正常,無,無分向設施,未繪設車道線,未繪設快慢車道分隔線,無,車與車,側撞,駕駛人,左轉彎未依規定,死亡1;受傷0,2,曳引車,營業用,男,39,戴安全帽或繫安全帶(使用幼童安全椅),未使用,車的狀態,向前直行中,汽車,右前車頭(身),汽車,前車頭,駕駛人,未依規定減速,否,121.321578,23.328442
2018,5,20180529,010300,A1,屏東縣政府警察局,屏東縣屏東市高屏大橋,晴,夜間(或隧道、地下道、涵洞)有照明,省道,70,單路部分,直路,路段,路肩、路緣,柏油,乾燥,無缺陷,無障礙物,良好,良好,無號誌,無號誌,行車分向線,無標記,車道線(附標記),快慢車道分隔線,有,汽(機)車本身,其他,駕駛人,未注意車前狀態,死亡1;受傷1,2,,,無或物(動物、堆置物),-1,,,,,,,,,無(非車輛駕駛人因素),尚未發現肇事因素,否,120.439921,22.647479
2018,5,20180529,010300,A1,屏東縣政府警察局,屏東縣屏東市高屏大橋,晴,夜間(或隧道、地下道、涵洞)有照明,省道,70,單路部分,直路,路段,路肩、路緣,柏油,乾燥,無缺陷,無障礙物,良好,良好,無號誌,無號誌,行車分向線,無標記,車道線(附標記),快慢車道分隔線,有,汽(機)車本身,其他,駕駛人,未注意車前狀態,死亡1;受傷1,1,機車,普通重型,男,21,戴安全帽或繫安全帶(使用幼童安全椅),未使用,車的狀態,其他,機車,右側車身,,,駕駛人,未注意車前狀態,否,120.439921,22.647479
2018,5,20180529,010300,A1,屏東縣政府警察局,屏東縣屏東市高屏大橋,晴,夜間(或隧道、地下道、涵洞)有照明,省道,70,單路部分,直路,路段,路肩、路緣,柏油,乾燥,無缺陷,無障礙物,良好,良好,無號誌,無號誌,行車分向線,無標記,車道線(附標記),快慢車道分隔線,有,汽(機)車本身,其他,駕駛人,未注意車前狀態,死亡1;受傷1,3,人,乘客,女,17,戴安全帽或繫安全帶(使用幼童安全椅),未使用,人的狀態,其他,其他,非汽(機)車,,,無(非車輛駕駛人因素),尚未發現肇事因素,否,120.439921,22.647479
2018,5,20180529,061746,A1,桃園市政府警察局,桃園市大溪區復興路1段口 / 桃園市大溪區復興路1段口,晴,日間自然光線,村里道路,40,交岔路,四岔路,交叉路口,交叉路口內,柏油,乾燥,無缺陷,無障礙物,良好,良好,無號誌,無號誌,無,無分向設施,未繪設車道線,未繪設快慢車道分隔線,無,車與車,路口交岔撞,駕駛人,未依規定讓車,死亡1;受傷1,1,機車,普通重型,女,62,不明,不明,車的狀態,向前直行中,機車,前車頭,,,駕駛人,未依規定讓車,否,121.295654,24.865857
2018,5,20180529,061746,A1,桃園市政府警察局,桃園市大溪區復興路1段口 / 桃園市大溪區復興路1段口,晴,日間自然光線,村里道路,40,交岔路,四岔路,交叉路口,交叉路口內,柏油,乾燥,無缺陷,無障礙物,良好,良好,無號誌,無號誌,無,無分向設施,未繪設車道線,未繪設快慢車道分隔線,無,車與車,路口交岔撞,駕駛人,未依規定讓車,死亡1;受傷1,2,小客車,自用,男,33,不明,不明,車的狀態,向前直行中,汽車,左側車身,,,駕駛人,未依規定減速,否,121.295654,24.865857
2018,5,20180529,070000,A1,雲林縣警察局,雲林縣北港鎮草湖里西湖產業道路與產業道路口,晴,日間自然光線,其他,40,交岔路,三岔路,交叉路口,交叉路口內,柏油,乾燥,無缺陷,無障礙物,良好,良好,無號誌,無號誌,無,無分向設施,未繪設車道線,未繪設快慢車道分隔線,無,人與汽(機)車,其他,駕駛人,倒車未依規定,死亡1;受傷0,1,小貨車(含客、貨兩用),自用,男,55,不明,未使用,車的狀態,倒車,汽車,右後車尾(身),,,駕駛人,倒車未依規定,否,120.303894,23.599662
2018,5,20180529,070000,A1,雲林縣警察局,雲林縣北港鎮草湖里西湖產業道路與產業道路口,晴,日間自然光線,其他,40,交岔路,三岔路,交叉路口,交叉路口內,柏油,乾燥,無缺陷,無障礙物,良好,良好,無號誌,無號誌,無,無分向設施,未繪設車道線,未繪設快慢車道分隔線,無,人與汽(機)車,其他,駕駛人,倒車未依規定,死亡1;受傷0,2,人,行人,女,58,其他(行人、慢車駕駛人),未使用,人的狀態,步行,其他,非汽(機)車,,,行人(或乘客),其他引起事故之疏失或行為,否,120.303894,23.599662
2018,5,20180529,075632,A1,雲林縣警察局,雲林縣四湖鄉溪底村160線道12.5公里處,晴,日間自然光線,村里道路,60,交岔路,三岔路,交叉路口,交叉口附近,柏油,乾燥,無缺陷,無障礙物,良好,良好,閃光號誌,正常,雙向禁止超車線,無標記,未繪設車道線,快慢車道分隔線,有,車與車,其他,駕駛人,未注意車前狀態,死亡1;受傷1,2,慢車,腳踏自行車,男,66,其他(行人、慢車駕駛人),非汽(機)車駕駛人,車的狀態,其他,其他,非汽(機)車,,,其他,不明原因肇事,否,120.263536,23.647371
2018,5,20180529,075632,A1,雲林縣警察局,雲林縣四湖鄉溪底村160線道12.5公里處,晴,日間自然光線,村里道路,60,交岔路,三岔路,交叉路口,交叉口附近,柏油,乾燥,無缺陷,無障礙物,良好,良好,閃光號誌,正常,雙向禁止超車線,無標記,未繪設車道線,快慢車道分隔線,有,車與車,其他,駕駛人,未注意車前狀態,死亡1;受傷1,1,小客車,自用,女,31,戴安全帽或繫安全帶(使用幼童安全椅),未使用,車的狀態,向前直行中,汽車,前車頭,,,駕駛人,未注意車前狀態,否,120.263536,23.647371
2018,5,20180529,173330,A1,雲林縣警察局,雲林縣西螺鎮埤頭里台1線南下車道路燈252898號,晴,日間自然光線,省道,70,單路部分,直路,路段,快車道,柏油,乾燥,無缺陷,無障礙物,良好,良好,無號誌,無號誌,中央分向島,寛式(50公分以上),車道線(無標記),快慢車道分隔線,有,人與汽(機)車,穿越道路中,駕駛人,未注意車前狀態,死亡1;受傷0,2,人,行人,女,71,其他(行人、慢車駕駛人),非汽(機)車駕駛人,人的狀態,步行,其他,非汽(機)車,,,行人(或乘客),穿越道路未注意左右來車,否,120.477378,23.777727
2018,5,20180529,173330,A1,雲林縣警察局,雲林縣西螺鎮埤頭里台1線南下車道路燈252898號,晴,日間自然光線,省道,70,單路部分,直路,路段,快車道,柏油,乾燥,無缺陷,無障礙物,良好,良好,無號誌,無號誌,中央分向島,寛式(50公分以上),車道線(無標記),快慢車道分隔線,有,人與汽(機)車,穿越道路中,駕駛人,未注意車前狀態,死亡1;受傷0,1,小貨車(含客、貨兩用),自用,男,54,戴安全帽或繫安全帶(使用幼童安全椅),不明,車的狀態,向前直行中,汽車,左前車頭(身),,,駕駛人,未注意車前狀態,否,120.477378,23.777727
2018,5,20180530,142000,A1,嘉義縣警察局,嘉義縣中埔鄉裕民村24號前 產業道路,雨,日間自然光線,村里道路,40,單路部分,彎曲路及附近,路段,一般車道(未劃分快慢車道),柏油,濕潤,有坑洞,無障礙物,良好,良好,無號誌,無號誌,無,無分向設施,未繪設車道線,未繪設快慢車道分隔線,無,車與車,其他,駕駛人,未注意車前狀態,死亡1;受傷0,2,大貨車,自用,男,66,戴安全帽或繫安全帶(使用幼童安全椅),未使用,車的狀態,左轉彎,其他,不明,,,駕駛人,未注意車前狀態,否,120.496845,23.433457
2018,5,20180530,142000,A1,嘉義縣警察局,嘉義縣中埔鄉裕民村24號前 產業道路,雨,日間自然光線,村里道路,40,單路部分,彎曲路及附近,路段,一般車道(未劃分快慢車道),柏油,濕潤,有坑洞,無障礙物,良好,良好,無號誌,無號誌,無,無分向設施,未繪設車道線,未繪設快慢車道分隔線,無,車與車,其他,駕駛人,未注意車前狀態,死亡1;受傷0,1,機車,普通重型,男,23,戴安全帽或繫安全帶(使用幼童安全椅),未使用,車的狀態,右轉彎,機車,左側車身,,,駕駛人,未注意車前狀態,否,120.496845,23.433457