發生年度,發生月份,發生日期,發生時間,事故類別名稱,處理單位名稱警局層,發生地點,天候名稱,光線名稱,道路類別-第1當事者-名稱,速限-第1當事者,道路型態大類別名稱,道路型態子類別名稱,事故位置大類別名稱,事故位置子類別名稱,路面狀況-路面鋪裝名稱,路面狀況-路面狀態名稱,路面狀況-路面缺陷名稱,道路障礙-障礙物名稱,道路障礙-視距品質名稱,道路障礙-視距名稱,號誌-號誌種類名稱,號誌-號誌動作名稱,車道劃分設施-分向設施大類別名稱,車道劃分設施-分向設施子類別名稱,車道劃分設施-分道設施-快車道或一般車道間名稱,車道劃分設施-分道設施-快慢車道間名稱,車道劃分設施-分道設施-路面邊線名稱,事故類型及型態大類別名稱,事故類型及型態子類別名稱,肇因研判大類別名稱-主要,肇因研判子類別名稱-主要,死亡受傷人數,當事者順位,當事者區分-類別-大類別名稱-車種,當事者區分-類別-子類別名稱-車種,當事者屬-性-別名稱,當事者事故發生時年齡,保護裝備名稱,行動電話或電腦或其他相類功能裝置名稱,當事者行動狀態大類別名稱,當事者行動狀態子類別名稱,車輛撞擊部位大類別名稱-最初,車輛撞擊部位子類別名稱-最初,車輛撞擊部位大類別名稱-其他,車輛撞擊部位子類別名稱-其他,肇因研判大類別名稱-個別,肇因研判子類別名稱-個別,肇事逃逸類別名稱-是否肇逃,經度,緯度
2018,6,20180622,131009,A1,國道公路警察局,屏東縣里港鄉國道10號 24公里500.0公尺處東側向內側,雨,日間自然光線,國道,100,單路部分,直路,路段,快車道,柏油,濕潤,無缺陷,無障礙物,良好,良好,無號誌,無號誌,中央分向島,寛式(50公分以上),車道線(附標記),未繪設快慢車道分隔線,有,汽(機)車本身,撞護欄(樁),駕駛人,未注意車前狀態,死亡1;受傷0,2,,,無或物(動物、堆置物),-1,,,,,,,,,無(非車輛駕駛人因素),尚未發現肇事因素,否,120.484402,22.809868
2018,6,20180622,131009,A1,國道公路警察局,屏東縣里港鄉國道10號 24公里500.0公尺處東側向內側,雨,日間自然光線,國道,100,單路部分,直路,路段,快車道,柏油,濕潤,無缺陷,無障礙物,良好,良好,無號誌,無號誌,中央分向島,寛式(50公分以上),車道線(附標記),未繪設快慢車道分隔線,有,汽(機)車本身,撞護欄(樁),駕駛人,未注意車前狀態,死亡1;受傷0,1,小客車,計程車,男,28,未戴案全帽或未繫安全帶(未使用幼童安全椅),不明,車的狀態,向前直行中,汽車,左前車頭(身),汽車,車頂,駕駛人,未注意車前狀態,否,120.484402,22.809868
2018,6,20180622,153300,A1,高雄市政府警察局,高雄市橋頭區村成功南路 / 高雄市橋頭區南溝路,陰,日間自然光線,市區道路,60,交岔路,四岔路,交叉路口,交叉路口內,柏油,乾燥,無缺陷,無障礙物,良好,良好,行車管制號誌,正常,中央分向島,寛式(50公分以上),車道線(附標記),快慢車道分隔線,無,人與汽(機)車,穿越道路中,行人(或乘客),未依標誌、標線、號誌或手勢指揮穿越道路,死亡1;受傷0,2,曳引車,營業用,男,30,戴安全帽或繫安全帶(使用幼童安全椅),未使用,車的狀態,向前直行中,汽車,前車頭,汽車,前車頭,駕駛人,未注意車前狀態,否,120.311154,22.755470
2018,6,20180622,153300,A1,高雄市政府警察局,高雄市橋頭區村成功南路 / 高雄市橋頭區南溝路,陰,日間自然光線,市區道路,60,交岔路,四岔路,交叉路口,交叉路口內,柏油,乾燥,無缺陷,無障礙物,良好,良好,行車管制號誌,正常,中央分向島,寛式(50公分以上),車道線(附標記),快慢車道分隔線,無,人與汽(機)車,穿越道路中,行人(或乘客),未依標誌、標線、號誌或手勢指揮穿越道路,死亡1;受傷0,1,人,行人,女,68,其他(行人、慢車駕駛人),非汽(機)車駕駛人,人的狀態,步行,其他,非汽(機)車,其他,非汽(機)車,行人(或乘客),未依標誌、標線、號誌或手勢指揮穿越道路,否,120.311154,22.755470
2018,6,20180623,111200,A1,雲林縣警察局,雲林縣土庫鎮新庄里港新70電桿旁,晴,日間自然光線,村里道路,40,交岔路,四岔路,交叉路口,交叉路口內,柏油,乾燥,無缺陷,無障礙物,不良,樹木、農作物,無號誌,無號誌,行車分向線,無標記,未繪設車道線,未繪設快慢車道分隔線,無,車與車,路口交岔撞,駕駛人,未依規定讓車,死亡1;受傷0,1,機車,普通重型,男,65,戴安全帽或繫安全帶(使用幼童安全椅),未使用,車的狀態,向前直行中,機車,右側車身,,,駕駛人,未依規定讓車,否,120.379441,23.733519
2018,6,20180623,111200,A1,雲林縣警察局,雲林縣土庫鎮新庄里港新70電桿旁,晴,日間自然光線,村里道路,40,交岔路,四岔路,交叉路口,交叉路口內,柏油,乾燥,無缺陷,無障礙物,不良,樹木、農作物,無號誌,無號誌,行車分向線,無標記,未繪設車道線,未繪設快慢車道分隔線,無,車與車,路口交岔撞,駕駛人,未依規定讓車,死亡1;受傷0,2,小客車,計程車,男,48,戴安全帽或繫安全帶(使用幼童安全椅),未使用,車的狀態,向前直行中,汽車,前車頭,,,駕駛人,未注意車前狀態,否,120.379441,23.733519
2018,6,20180623,202900,A1,高雄市政府警察局,高雄市大寮區華中路華中25燈號前0.0公尺前,晴,夜間(或隧道、地下道、涵洞)有照明,市區道路,50,單路部分,直路,路段,快車道,柏油,乾燥,無缺陷,無障礙物,良好,良好,無號誌,無號誌,行車分向線,無標記,未繪設車道線,快慢車道分隔線,有,車與車,追撞,駕駛人,未注意車前狀態,死亡1;受傷0,2,慢車,腳踏自行車,男,35,其他(行人、慢車駕駛人),不明,人的狀態,不明,其他,非汽(機)車,其他,非汽(機)車,其他,不明原因肇事,否,120.428900,22.573890
2018,6,20180623,202900,A1,高雄市政府警察局,高雄市大寮區華中路華中25燈號前0.0公尺前,晴,夜間(或隧道、地下道、涵洞)有照明,市區道路,50,單路部分,直路,路段,快車道,柏油,乾燥,無缺陷,無障礙物,良好,良好,無號誌,無號誌,行車分向線,無標記,未繪設車道線,快慢車道分隔線,有,車與車,追撞,駕駛人,未注意車前狀態,死亡1;受傷0,1,小客車,自用,男,50,戴安全帽或繫安全帶(使用幼童安全椅),未使用,車的狀態,向前直行中,汽車,右前車頭(身),汽車,右前車頭(身),駕駛人,未注意車前狀態,否,120.428900,22.573890
2018,6,20180625,035900,A1,高雄市政府警察局,高雄市新興區村中山一路 / 高雄市新興區青年一路,晴,夜間(或隧道、地下道、涵洞)有照明,市區道路,50,交岔路,四岔路,交叉路口,交叉路口內,柏油,乾燥,無缺陷,無障礙物,良好,良好,行車管制號誌,正常,無,無分向設施,未繪設車道線,未繪設快慢車道分隔線,無,車與車,路口交岔撞,駕駛人,違反號誌管制或指揮,死亡1;受傷0,2,機車,普通重型,男,19,不明,不明,人的狀態,不明,機車,前車頭,機車,前車頭,其他,不明原因肇事,否,120.302204,22.620068
2018,6,20180625,035900,A1,高雄市政府警察局,高雄市新興區村中山一路 / 高雄市新興區青年一路,晴,夜間(或隧道、地下道、涵洞)有照明,市區道路,50,交岔路,四岔路,交叉路口,交叉路口內,柏油,乾燥,無缺陷,無障礙物,良好,良好,行車管制號誌,正常,無,無分向設施,未繪設車道線,未繪設快慢車道分隔線,無,車與車,路口交岔撞,駕駛人,違反號誌管制或指揮,死亡1;受傷0,1,小客車,自用,男,41,戴安全帽或繫安全帶(使用幼童安全椅),未使用,車的狀態,向前直行中,汽車,左前車頭(身),汽車,左前車頭(身),駕駛人,違反號誌管制或指揮,否,120.302204,22.620068
2018,6,20180625,083000,A1,嘉義縣警察局,嘉義縣中埔鄉同仁村台3線292.2里路肩處,晴,日間自然光線,省道,50,單路部分,直路,路段,路肩、路緣,柏油,乾燥,無缺陷,無障礙物,良好,良好,無號誌,無號誌,雙向禁止超車線,附標記,未繪設車道線,未繪設快慢車道分隔線,有,人與汽(機)車,同向通行中,駕駛人,未注意車前狀態,死亡1;受傷0,2,人,行人,男,73,其他(行人、慢車駕駛人),非汽(機)車駕駛人,人的狀態,步行,其他,非汽(機)車,,,無(非車輛駕駛人因素),尚未發現肇事因素,否,120.511520,23.403984
2018,6,20180625,083000,A1,嘉義縣警察局,嘉義縣中埔鄉同仁村台3線292.2里路肩處,晴,日間自然光線,省道,50,單路部分,直路,路段,路肩、路緣,柏油,乾燥,無缺陷,無障礙物,良好,良好,無號誌,無號誌,雙向禁止超車線,附標記,未繪設車道線,未繪設快慢車道分隔線,有,人與汽(機)車,同向通行中,駕駛人,未注意車前狀態,死亡1;受傷0,1,小貨車(含客、貨兩用),自用,男,37,戴安全帽或繫安全帶(使用幼童安全椅),未使用,車的狀態,其他,汽車,前車頭,汽車,前車頭,駕駛人,未注意車前狀態,否,120.511520,23.403984
2018,6,20180625,130500,A1,臺北市政府警察局,臺北市大同區台北橋前0.0公尺,晴,日間自然光線,市區道路,40,單路部分,橋樑,路段,機車專用道,柏油,乾燥,無缺陷,無障礙物,良好,良好,無號誌,無號誌,行車分向線,無標記,車道線(無標記),未繪設快慢車道分隔線,無,汽(機)車本身,路上翻車、摔倒,其他,不明原因肇事,死亡1;受傷0,2,,,無或物(動物、堆置物),0,,,,,,,,,無(非車輛駕駛人因素),尚未發現肇事因素,否,121.511184,25.062998
2018,6,20180625,130500,A1,臺北市政府警察局,臺北市大同區台北橋前0.0公尺,晴,日間自然光線,市區道路,40,單路部分,橋樑,路段,機車專用道,柏油,乾燥,無缺陷,無障礙物,良好,良好,無號誌,無號誌,行車分向線,無標記,車道線(無標記),未繪設快慢車道分隔線,無,汽(機)車本身,路上翻車、摔倒,其他,不明原因肇事,死亡1;受傷0,1,機車,普通重型,男,53,戴安全帽或繫安全帶(使用幼童安全椅),未使用,人的狀態,不明,其他,不明,其他,不明,其他,不明原因肇事,否,121.511184,25.062998
2018,6,20180625,212900,A1,臺東縣警察局,臺東縣東河鄉尚德村七塊厝產業道路2號前0.0公尺東側,陰,夜間(或隧道、地下道、涵洞)有照明,鄉道,30,交岔路,三岔路,路段,路肩、路緣,柏油,乾燥,無缺陷,無障礙物,良好,良好,無號誌,無號誌,無,無分向設施,未繪設車道線,未繪設快慢車道分隔線,無,汽(機)車本身,撞路樹、電桿,駕駛人,未依規定減速,死亡1;受傷1,2,,,無或物(動物、堆置物),-1,,,,,,,,,無(非車輛駕駛人因素),尚未發現肇事因素,否,121.239963,22.962243
2018,6,20180625,212900,A1,臺東縣警察局,臺東縣東河鄉尚德村七塊厝產業道路2號前0.0公尺東側,陰,夜間(或隧道、地下道、涵洞)有照明,鄉道,30,交岔路,三岔路,路段,路肩、路緣,柏油,乾燥,無缺陷,無障礙物,良好,良好,無號誌,無號誌,無,無分向設施,未繪設車道線,未繪設快慢車道分隔線,無,汽(機)車本身,撞路樹、電桿,駕駛人,未依規定減速,死亡1;受傷1,1,小貨車(含客、貨兩用),自用,男,61,未戴案全帽或未繫安全帶(未使用幼童安全椅),未使用,車的狀態,向前直行中,汽車,右前車頭(身),,,駕駛人,未依規定減速,否,121.239963,22.962243
2018,6,20180625,212900,A1,臺東縣警察局,臺東縣東河鄉尚德村七塊厝產業道路2號前0.0公尺東側,陰,夜間(或隧道、地下道、涵洞)有照明,鄉道,30,交岔路,三岔路,路段,路肩、路緣,柏油,乾燥,無缺陷,無障礙物,良好,良好,無號誌,無號誌,無,無分向設施,未繪設車道線,未繪設快慢車道分隔線,無,汽(機)車本身,撞路樹、電桿,駕駛人,未依規定減速,死亡1;受傷1,3,人,乘客,男,53,未戴案全帽或未繫安全帶(未使用幼童安全椅),非汽(機)車駕駛人,人的狀態,其他,其他,非汽(機)車,,,無(非車輛駕駛人因素),尚未發現肇事因素,否,121.239963,22.962243
2018,6,20180626,045000,A1,臺北市政府警察局,臺北市大同區民族西路 / 臺北市大同區民族西路,晴,夜間(或隧道、地下道、涵洞)有照明,市區道路,50,交岔路,多岔路,交叉路口,交叉口附近,柏油,乾燥,無缺陷,無障礙物,良好,良好,行車管制號誌,正常,行車分向線,附標記,車道線(附標記),快慢車道分隔線,有,人與汽(機)車,對向通行中,駕駛人,未注意車前狀態,死亡1;受傷1,1,機車,普通重型,男,55,戴安全帽或繫安全帶(使用幼童安全椅),未使用,車的狀態,向前直行中,機車,前車頭,機車,前車頭,駕駛人,未注意車前狀態,否,121.512405,25.068506
2018,6,20180626,045000,A1,臺北市政府警察局,臺北市大同區民族西路 / 臺北市大同區民族西路,晴,夜間(或隧道、地下道、涵洞)有照明,市區道路,50,交岔路,多岔路,交叉路口,交叉口附近,柏油,乾燥,無缺陷,無障礙物,良好,良好,行車管制號誌,正常,行車分向線,附標記,車道線(附標記),快慢車道分隔線,有,人與汽(機)車,對向通行中,駕駛人,未注意車前狀態,死亡1;受傷1,2,人,行人,男,78,其他(行人、慢車駕駛人),未使用,人的狀態,步行,其他,非汽(機)車,其他,非汽(機)車,行人(或乘客),未依規定行走行人穿越道、地下道、天橋而穿越道路,否,121.512405,25.068506
2018,6,20180626,101500,A1,臺東縣警察局,臺東縣卑南鄉台11線 154公里800.0公尺處南側向機、慢車道,晴,日間自然光線,省道,40,單路部分,直路,路段,慢車道,柏油,乾燥,無缺陷,無障礙物,良好,良好,無號誌,無號誌,雙向禁止超車線,無標記,未繪設車道線,快慢車道分隔線,有,車與車,其他,駕駛人,未注意車前狀態,死亡1;受傷0,2,小客車,自用,男,44,不明,未使用,車的狀態,等待(引擎未熄火),汽車,後車尾,汽車,後車尾,其他,違規停車或暫停不當而肇事,否,121.195372,22.809048
2018,6,20180626,101500,A1,臺東縣警察局,臺東縣卑南鄉台11線 154公里800.0公尺處南側向機、慢車道,晴,日間自然光線,省道,40,單路部分,直路,路段,慢車道,柏油,乾燥,無缺陷,無障礙物,良好,良好,無號誌,無號誌,雙向禁止超車線,無標記,未繪設車道線,快慢車道分隔線,有,車與車,其他,駕駛人,未注意車前狀態,死亡1;受傷0,1,慢車,腳踏自行車,女,61,戴安全帽或繫安全帶(使用幼童安全椅),未使用,車的狀態,向前直行中,其他,非汽(機)車,其他,非汽(機)車,駕駛人,未注意車前狀態,否,121.195372,22.809048
2018,6,20180626,102818,A1,航空警察局,臺中市沙鹿區西勢里中航路1段168號,晴,日間自然光線,專用道路,30,圓環廣場,圓環,其他,其他,柏油,乾燥,無缺陷,無障礙物,不良,彎道,無號誌,無號誌,行車分向線,附標記,未繪設車道線,未繪設快慢車道分隔線,有,人與汽(機)車,穿越道路中,駕駛人,起步未注意其他車(人)安全,死亡1;受傷0,1,大客車,民營客運,男,48,戴安全帽或繫安全帶(使用幼童安全椅),未使用,車的狀態,起步,汽車,右前車頭(身),,,駕駛人,起步未注意其他車(人)安全,否,120.599050,24.253215
2018,6,20180626,102818,A1,航空警察局,臺中市沙鹿區西勢里中航路1段168號,晴,日間自然光線,專用道路,30,圓環廣場,圓環,其他,其他,柏油,乾燥,無缺陷,無障礙物,不良,彎道,無號誌,無號誌,行車分向線,附標記,未繪設車道線,未繪設快慢車道分隔線,有,人與汽(機)車,穿越道路中,駕駛人,起步未注意其他車(人)安全,死亡1;受傷0,2,人,行人,女,83,其他(行人、慢車駕駛人),未使用,人的狀態,步行,其他,非汽(機)車,,,行人(或乘客),未依規定行走行人穿越道、地下道、天橋而穿越道路,否,120.599050,24.253215
2018,6,20180626,105700,A1,臺南市政府警察局,臺南市北區公園路764號東側,晴,日間自然光線,市區道路,50,單路部分,直路,路段,一般車道(未劃分快慢車道),柏油,乾燥,無缺陷,無障礙物,良好,良好,無號誌,無號誌,雙向禁止超車線,無標記,車道線(無標記),未繪設快慢車道分隔線,有,車與車,側撞,其他,其他引起事故之違規或不當行為,死亡1;受傷0,1,機車,普通重型,女,19,戴安全帽或繫安全帶(使用幼童安全椅),未使用,車的狀態,起步,機車,前車頭,,,其他,其他引起事故之違規或不當行為,否,120.211040,23.010952
2018,6,20180626,105700,A1,臺南市政府警察局,臺南市北區公園路764號東側,晴,日間自然光線,市區道路,50,單路部分,直路,路段,一般車道(未劃分快慢車道),柏油,乾燥,無缺陷,無障礙物,良好,良好,無號誌,無號誌,雙向禁止超車線,無標記,車道線(無標記),未繪設快慢車道分隔線,有,車與車,側撞,其他,其他引起事故之違規或不當行為,死亡1;受傷0,2,大貨車,營業用,男,58,戴安全帽或繫安全帶(使用幼童安全椅),未使用,車的狀態,向前直行中,汽車,右側車身,,,無(車輛駕駛人因素),尚未發現肇事因素,否,120.211040,23.010952
2018,6,20180626,124700,A1,彰化縣警察局,彰化縣田中鎮東源里山腳路3段234弄前0.0公尺前,晴,日間自然光線,其他,40,交岔路,四岔路,交叉路口,交叉口附近,柏油,乾燥,無缺陷,無障礙物,良好,良好,無號誌,無號誌,行車分向線,無標記,車道線(無標記),未繪設快慢車道分隔線,有,車與車,側撞,駕駛人,未注意車前狀態,死亡1;受傷0,2,慢車,腳踏自行車,男,81,不明,非汽(機)車駕駛人,車的狀態,左轉彎,其他,非汽(機)車,,,駕駛人,左轉彎未依規定,否,120.603329,23.857463
2018,6,20180626,124700,A1,彰化縣警察局,彰化縣田中鎮東源里山腳路3段234弄前0.0公尺前,晴,日間自然光線,其他,40,交岔路,四岔路,交叉路口,交叉口附近,柏油,乾燥,無缺陷,無障礙物,良好,良好,無號誌,無號誌,行車分向線,無標記,車道線(無標記),未繪設快慢車道分隔線,有,車與車,側撞,駕駛人,未注意車前狀態,死亡1;受傷0,1,小貨車(含客、貨兩用),自用,男,62,不明,不明,車的狀態,向前直行中,汽車,右前車頭(身),,,駕駛人,未注意車前狀態,否,120.603329,23.857463
2018,6,20180626,184400,A1,屏東縣政府警察局,屏東縣內埔鄉富田村富豐路38號前附近北向車道,晴,日間自然光線,鄉道,50,單路部分,直路,路段,一般車道(未劃分快慢車道),柏油,乾燥,無缺陷,無障礙物,良好,良好,無號誌,無號誌,行車分向線,無標記,車道線(無標記),未繪設快慢車道分隔線,有,車與車,側撞,駕駛人,迴轉未依規定,死亡1;受傷0,2,機車,普通重型,男,32,戴安全帽或繫安全帶(使用幼童安全椅),不明,車的狀態,向前直行中,機車,前車頭,,,駕駛人,未注意車前狀態,否,120.544762,22.619421
2018,6,20180626,184400,A1,屏東縣政府警察局,屏東縣內埔鄉富田村富豐路38號前附近北向車道,晴,日間自然光線,鄉道,50,單路部分,直路,路段,一般車道(未劃分快慢車道),柏油,乾燥,無缺陷,無障礙物,良好,良好,無號誌,無號誌,行車分向線,無標記,車道線(無標記),未繪設快慢車道分隔線,有,車與車,側撞,駕駛人,迴轉未依規定,死亡1;受傷0,1,小貨車(含客、貨兩用),自用,男,64,戴安全帽或繫安全帶(使用幼童安全椅),未使用,車的狀態,迴轉或橫越道路中,汽車,左側車身,,,駕駛人,迴轉未依規定,否,120.544762,22.619421
2018,6,20180626,195200,A1,彰化縣警察局,彰化縣溪湖鎮大突里二溪路大突弄52之11號前0.0公尺,晴,夜間(或隧道、地下道、涵洞)有照明,村里道路,40,單路部分,直路,路段,一般車道(未劃分快慢車道),柏油,乾燥,無缺陷,無障礙物,良好,良好,無號誌,無號誌,無,無分向設施,未繪設車道線,未繪設快慢車道分隔線,有,車與車,對撞,其他,不明原因肇事,死亡1;受傷0,1,機車,普通重型,女,36,戴安全帽或繫安全帶(使用幼童安全椅),未使用,車的狀態,向前直行中,機車,前車頭,機車,前車頭,其他,不明原因肇事,否,120.467563,23.967142
2018,6,20180626,195200,A1,彰化縣警察局,彰化縣溪湖鎮大突里二溪路大突弄52之11號前0.0公尺,晴,夜間(或隧道、地下道、涵洞)有照明,村里道路,40,單路部分,直路,路段,一般車道(未劃分快慢車道),柏油,乾燥,無缺陷,無障礙物,良好,良好,無號誌,無號誌,無,無分向設施,未繪設車道線,未繪設快慢車道分隔線,有,車與車,對撞,其他,不明原因肇事,死亡1;受傷0,2,小客車,自用,男,34,戴安全帽或繫安全帶(使用幼童安全椅),未使用,車的狀態,向前直行中,汽車,右前車頭(身),汽車,右前車頭(身),駕駛人,未注意車前狀態,否,120.467563,23.967142
2018,6,20180627,070100,A1,新竹縣政府警察局,新竹縣新埔鎮文山路亞東段352號前,晴,日間自然光線,縣道,60,單路部分,直路,路段,快車道,柏油,乾燥,無缺陷,無障礙物,良好,良好,無號誌,無號誌,中央分向島,窄式無柵欄,車道線(附標記),快慢車道分隔線,有,人與汽(機)車,穿越道路中,行人(或乘客),穿越道路未注意左右來車,死亡1;受傷0,1,人,行人,女,88,其他(行人、慢車駕駛人),非汽(機)車駕駛人,人的狀態,步行,其他,非汽(機)車,,,行人(或乘客),穿越道路未注意左右來車,否,121.058306,24.825203
2018,6,20180627,070100,A1,新竹縣政府警察局,新竹縣新埔鎮文山路亞東段352號前,晴,日間自然光線,縣道,60,單路部分,直路,路段,快車道,柏油,乾燥,無缺陷,無障礙物,良好,良好,無號誌,無號誌,中央分向島,窄式無柵欄,車道線(附標記),快慢車道分隔線,有,人與汽(機)車,穿越道路中,行人(或乘客),穿越道路未注意左右來車,死亡1;受傷0,2,小客車,自用,男,45,戴安全帽或繫安全帶(使用幼童安全椅),未使用,車的狀態,向前直行中,汽車,左前車頭(身),,,駕駛人,未注意車前狀態,否,121.058306,24.825203
2018,6,20180627,080900,A1,新竹縣政府警察局,新竹縣竹北市水防道路與溝貝街199巷口,晴,日間自然光線,專用道路,50,交岔路,三岔路,交叉路口,交叉口附近,柏油,乾燥,無缺陷,無障礙物,良好,良好,無號誌,無號誌,行車分向線,無標記,車道線(無標記),快慢車道分隔線,有,汽(機)車本身,撞號誌、標誌桿,駕駛人,未注意車前狀態,死亡1;受傷0,2,,,無或物(動物、堆置物),-1,,,,,,,,,無(非車輛駕駛人因素),尚未發現肇事因素,否,120.994192,24.853183
2018,6,20180627,080900,A1,新竹縣政府警察局,新竹縣竹北市水防道路與溝貝街199巷口,晴,日間自然光線,專用道路,50,交岔路,三岔路,交叉路口,交叉口附近,柏油,乾燥,無缺陷,無障礙物,良好,良好,無號誌,無號誌,行車分向線,無標記,車道線(無標記),快慢車道分隔線,有,汽(機)車本身,撞號誌、標誌桿,駕駛人,未注意車前狀態,死亡1;受傷0,1,機車,普通重型,女,31,戴安全帽或繫安全帶(使用幼童安全椅),未使用,車的狀態,向前直行中,機車,前車頭,,,駕駛人,未注意車前狀態,否,120.994192,24.853183
2018,6,20180627,134700,A1,臺南市政府警察局,臺南市安定區中沙里,陰,日間自然光線,省道,50,單路部分,直路,路段,快車道,柏油,乾燥,無缺陷,無障礙物,不良,其他,無號誌,無號誌,中央分向島,寛式(50公分以上),車道線(無標記),快慢車道分隔線,有,汽(機)車本身,撞路樹、電桿,駕駛人,未注意車前狀態,死亡1;受傷1,2,,,無或物(動物、堆置物),-1,,,,,,,,,無(非車輛駕駛人因素),尚未發現肇事因素,否,120.210977,23.080824
2018,6,20180627,134700,A1,臺南市政府警察局,臺南市安定區中沙里,陰,日間自然光線,省道,50,單路部分,直路,路段,快車道,柏油,乾燥,無缺陷,無障礙物,不良,其他,無號誌,無號誌,中央分向島,寛式(50公分以上),車道線(無標記),快慢車道分隔線,有,汽(機)車本身,撞路樹、電桿,駕駛人,未注意車前狀態,死亡1;受傷1,1,小客車,自用,男,62,戴安全帽或繫安全帶(使用幼童安全椅),未使用,車的狀態,向前直行中,汽車,右前車頭(身),,,駕駛人,未注意車前狀態,否,120.210977,23.080824
2018,6,20180627,134700,A1,臺南市政府警察局,臺南市安定區中沙里,陰,日間自然光線,省道,50,單路部分,直路,路段,快車道,柏油,乾燥,無缺陷,無障礙物,不良,其他,無號誌,無號誌,中央分向島,寛式(50公分以上),車道線(無標記),快慢車道分隔線,有,汽(機)車本身,撞路樹、電桿,駕駛人,未注意車前狀態,死亡1;受傷1,3,人,乘客,男,88,戴安全帽或繫安全帶(使用幼童安全椅),非汽(機)車駕駛人,人的狀態,其他,其他,非汽(機)車,,,無(非車輛駕駛人因素),尚未發現肇事因素,否,120.210977,23.080824
2018,6,20180627,144400,A1,新竹市警察局,新竹市北區榮濱路東側 / 新竹市北區尚濱路,晴,日間自然光線,市區道路,50,交岔路,四岔路,交叉路口,交叉路口內,柏油,乾燥,無缺陷,無障礙物,良好,良好,閃光號誌,正常,無,無分向設施,未繪設車道線,未繪設快慢車道分隔線,無,車與車,路口交岔撞,駕駛人,未依規定讓車,死亡1;受傷0,1,機車,普通重型,男,66,不明,不明,車的狀態,向前直行中,機車,右側車身,,,駕駛人,未依規定讓車,否,120.930400,24.841498
2018,6,20180627,144400,A1,新竹市警察局,新竹市北區榮濱路東側 / 新竹市北區尚濱路,晴,日間自然光線,市區道路,50,交岔路,四岔路,交叉路口,交叉路口內,柏油,乾燥,無缺陷,無障礙物,良好,良好,閃光號誌,正常,無,無分向設施,未繪設車道線,未繪設快慢車道分隔線,無,車與車,路口交岔撞,駕駛人,未依規定讓車,死亡1;受傷0,2,小貨車(含客、貨兩用),自用,男,38,不明,不明,車的狀態,向前直行中,汽車,前車頭,,,駕駛人,未依規定減速,否,120.930400,24.841498
2018,6,20180627,162800,A1,嘉義縣警察局,嘉義縣番路鄉觸口村台18線31.5公里處,雨,日間自然光線,省道,60,單路部分,直路,路段,快車道,柏油,濕潤,無缺陷,無障礙物,良好,良好,無號誌,無號誌,行車分向線,附標記,車道線(無標記),快慢車道分隔線,有,車與車,追撞,駕駛人,未保持行車安全距離,死亡1;受傷0,1,其他車,拼裝車,男,31,未戴案全帽或未繫安全帶(未使用幼童安全椅),不明,車的狀態,向前直行中,汽車,左前車頭(身),,,駕駛人,未保持行車安全距離,否,120.582850,23.446134
2018,6,20180627,162800,A1,嘉義縣警察局,嘉義縣番路鄉觸口村台18線31.5公里處,雨,日間自然光線,省道,60,單路部分,直路,路段,快車道,柏油,濕潤,無缺陷,無障礙物,良好,良好,無號誌,無號誌,行車分向線,附標記,車道線(無標記),快慢車道分隔線,有,車與車,追撞,駕駛人,未保持行車安全距離,死亡1;受傷0,3,大貨車,自用,男,39,戴安全帽或繫安全帶(使用幼童安全椅),未使用,車的狀態,向前直行中,汽車,左後車尾(身),,,無(車輛駕駛人因素),尚未發現肇事因素,否,120.582850,23.446134
2018,6,20180627,162800,A1,嘉義縣警察局,嘉義縣番路鄉觸口村台18線31.5公里處,雨,日間自然光線,省道,60,單路部分,直路,路段,快車道,柏油,濕潤,無缺陷,無障礙物,良好,良好,無號誌,無號誌,行車分向線,附標記,車道線(無標記),快慢車道分隔線,有,車與車,追撞,駕駛人,未保持行車安全距離,死亡1;受傷0,2,小客車,自用,女,29,戴安全帽或繫安全帶(使用幼童安全椅),未使用,車的狀態,向前直行中,汽車,右後車尾(身),汽車,右前車頭(身),無(車輛駕駛人因素),尚未發現肇事因素,否,120.582850,23.446134
2018,6,20180628,160300,A1,彰化縣警察局,彰化縣福興鄉頂粘村頂粘街 / 彰化縣福興鄉頂粘村頂粘街,晴,日間自然光線,村里道路,50,交岔路,四岔路,交叉路口,交叉口附近,柏油,乾燥,無缺陷,無障礙物,良好,良好,無號誌,無號誌,雙向禁止超車線,無標記,未繪設車道線,未繪設快慢車道分隔線,有,車與車,路口交岔撞,駕駛人,未依規定讓車,死亡1;受傷0,2,大貨車,自用,男,25,戴安全帽或繫安全帶(使用幼童安全椅),未使用,車的狀態,向前直行中,汽車,前車頭,汽車,前車頭,駕駛人,未依規定減速,否,120.397622,24.038597
2018,6,20180628,160300,A1,彰化縣警察局,彰化縣福興鄉頂粘村頂粘街 / 彰化縣福興鄉頂粘村頂粘街,晴,日間自然光線,村里道路,50,交岔路,四岔路,交叉路口,交叉口附近,柏油,乾燥,無缺陷,無障礙物,良好,良好,無號誌,無號誌,雙向禁止超車線,無標記,未繪設車道線,未繪設快慢車道分隔線,有,車與車,路口交岔撞,駕駛人,未依規定讓車,死亡1;受傷0,1,機車,普通重型,男,43,戴安全帽或繫安全帶(使用幼童安全椅),未使用,車的狀態,向前直行中,機車,右側車身,機車,右側車身,駕駛人,未依規定讓車,否,120.397622,24.038597