發生年度,發生月份,發生日期,發生時間,事故類別名稱,處理單位名稱警局層,發生地點,天候名稱,光線名稱,道路類別-第1當事者-名稱,速限-第1當事者,道路型態大類別名稱,道路型態子類別名稱,事故位置大類別名稱,事故位置子類別名稱,路面狀況-路面鋪裝名稱,路面狀況-路面狀態名稱,路面狀況-路面缺陷名稱,道路障礙-障礙物名稱,道路障礙-視距品質名稱,道路障礙-視距名稱,號誌-號誌種類名稱,號誌-號誌動作名稱,車道劃分設施-分向設施大類別名稱,車道劃分設施-分向設施子類別名稱,車道劃分設施-分道設施-快車道或一般車道間名稱,車道劃分設施-分道設施-快慢車道間名稱,車道劃分設施-分道設施-路面邊線名稱,事故類型及型態大類別名稱,事故類型及型態子類別名稱,肇因研判大類別名稱-主要,肇因研判子類別名稱-主要,死亡受傷人數,當事者順位,當事者區分-類別-大類別名稱-車種,當事者區分-類別-子類別名稱-車種,當事者屬-性-別名稱,當事者事故發生時年齡,保護裝備名稱,行動電話或電腦或其他相類功能裝置名稱,當事者行動狀態大類別名稱,當事者行動狀態子類別名稱,車輛撞擊部位大類別名稱-最初,車輛撞擊部位子類別名稱-最初,車輛撞擊部位大類別名稱-其他,車輛撞擊部位子類別名稱-其他,肇因研判大類別名稱-個別,肇因研判子類別名稱-個別,肇事逃逸類別名稱-是否肇逃,經度,緯度
2018,6,20180628,171200,A1,新竹市警察局,新竹市東區公道五路建美路,晴,日間自然光線,市區道路,50,交岔路,四岔路,交叉路口,交叉路口內,柏油,乾燥,無缺陷,無障礙物,良好,良好,行車管制號誌,正常,中央分向島,寛式(50公分以上),車道線(無標記),寛式快慢車道分隔島(50公分以上),無,人與汽(機)車,穿越道路中,行人(或乘客),未依標誌、標線、號誌或手勢指揮穿越道路,死亡1;受傷0,2,小客車,自用,女,54,不明,不明,車的狀態,向前直行中,汽車,前車頭,,,駕駛人,搶越行人穿越道,否,120.998410,24.802625
2018,6,20180628,171200,A1,新竹市警察局,新竹市東區公道五路建美路,晴,日間自然光線,市區道路,50,交岔路,四岔路,交叉路口,交叉路口內,柏油,乾燥,無缺陷,無障礙物,良好,良好,行車管制號誌,正常,中央分向島,寛式(50公分以上),車道線(無標記),寛式快慢車道分隔島(50公分以上),無,人與汽(機)車,穿越道路中,行人(或乘客),未依標誌、標線、號誌或手勢指揮穿越道路,死亡1;受傷0,1,人,行人,男,83,其他(行人、慢車駕駛人),非汽(機)車駕駛人,人的狀態,步行,其他,非汽(機)車,,,行人(或乘客),未依標誌、標線、號誌或手勢指揮穿越道路,否,120.998410,24.802625
2018,6,20180628,171800,A1,苗栗縣警察局,苗栗縣公館鄉大坑村信東街竹安橋(東西向)與產業道路(南北),晴,日間自然光線,村里道路,40,交岔路,四岔路,交叉路口,交叉路口內,柏油,乾燥,無缺陷,無障礙物,良好,良好,無號誌,無號誌,無,無分向設施,未繪設車道線,未繪設快慢車道分隔線,無,車與車,其他,駕駛人,未依規定讓車,死亡1;受傷0,1,小客車,自用,男,43,不明,不明,人的狀態,不明,其他,不明,,,駕駛人,未依規定讓車,是,120.831601,24.504464
2018,6,20180628,171800,A1,苗栗縣警察局,苗栗縣公館鄉大坑村信東街竹安橋(東西向)與產業道路(南北),晴,日間自然光線,村里道路,40,交岔路,四岔路,交叉路口,交叉路口內,柏油,乾燥,無缺陷,無障礙物,良好,良好,無號誌,無號誌,無,無分向設施,未繪設車道線,未繪設快慢車道分隔線,無,車與車,其他,駕駛人,未依規定讓車,死亡1;受傷0,2,機車,普通重型,男,64,不明,不明,人的狀態,不明,其他,不明,,,其他,不明原因肇事,否,120.831601,24.504464
2018,6,20180628,175500,A1,嘉義縣警察局,嘉義縣番路鄉縣159甲線 15公里500.0公尺處東側向內側,雨,晨或暮光,縣道,30,單路部分,直路,路段,一般車道(未劃分快慢車道),柏油,濕潤,無缺陷,無障礙物,良好,良好,無號誌,無號誌,行車分向線,無標記,未繪設車道線,未繪設快慢車道分隔線,有,人與汽(機)車,穿越道路中,駕駛人,未注意車前狀態,死亡1;受傷0,2,人,行人,女,83,其他(行人、慢車駕駛人),非汽(機)車駕駛人,人的狀態,步行,其他,非汽(機)車,,,行人(或乘客),穿越道路未注意左右來車,否,120.580574,23.458227
2018,6,20180628,175500,A1,嘉義縣警察局,嘉義縣番路鄉縣159甲線 15公里500.0公尺處東側向內側,雨,晨或暮光,縣道,30,單路部分,直路,路段,一般車道(未劃分快慢車道),柏油,濕潤,無缺陷,無障礙物,良好,良好,無號誌,無號誌,行車分向線,無標記,未繪設車道線,未繪設快慢車道分隔線,有,人與汽(機)車,穿越道路中,駕駛人,未注意車前狀態,死亡1;受傷0,1,小貨車(含客、貨兩用),自用,男,82,戴安全帽或繫安全帶(使用幼童安全椅),未使用,車的狀態,向前直行中,汽車,右前車頭(身),,,駕駛人,未注意車前狀態,否,120.580574,23.458227
2018,6,20180628,212000,A1,雲林縣警察局,雲林縣二崙鄉崙東村中山路1段102號,晴,夜間(或隧道、地下道、涵洞)有照明,村里道路,60,交岔路,多岔路,交叉路口,交叉路口內,柏油,乾燥,無缺陷,無障礙物,良好,良好,行車管制號誌,正常,無,無分向設施,車道線(附標記),未繪設快慢車道分隔線,無,車與車,對撞,駕駛人,未注意車前狀態,死亡2;受傷0,1,機車,普通重型,男,22,戴安全帽或繫安全帶(使用幼童安全椅),未使用,車的狀態,向前直行中,機車,前車頭,,,駕駛人,未注意車前狀態,否,120.417799,23.773683
2018,6,20180628,212000,A1,雲林縣警察局,雲林縣二崙鄉崙東村中山路1段102號,晴,夜間(或隧道、地下道、涵洞)有照明,村里道路,60,交岔路,多岔路,交叉路口,交叉路口內,柏油,乾燥,無缺陷,無障礙物,良好,良好,行車管制號誌,正常,無,無分向設施,車道線(附標記),未繪設快慢車道分隔線,無,車與車,對撞,駕駛人,未注意車前狀態,死亡2;受傷0,2,機車,普通重型,男,16,戴安全帽或繫安全帶(使用幼童安全椅),未使用,車的狀態,向前直行中,機車,前車頭,,,駕駛人,未注意車前狀態,否,120.417799,23.773683
2018,6,20180628,212000,A1,雲林縣警察局,雲林縣二崙鄉崙東村中山路1段102號,晴,夜間(或隧道、地下道、涵洞)有照明,村里道路,60,交岔路,多岔路,交叉路口,交叉路口內,柏油,乾燥,無缺陷,無障礙物,良好,良好,行車管制號誌,正常,無,無分向設施,車道線(附標記),未繪設快慢車道分隔線,無,車與車,對撞,駕駛人,未注意車前狀態,死亡2;受傷0,3,小客車,自用,男,25,戴安全帽或繫安全帶(使用幼童安全椅),未使用,車的狀態,靜止(引擎熄火),汽車,左側車身,,,無(車輛駕駛人因素),尚未發現肇事因素,否,120.417799,23.773683
2018,6,20180628,234500,A1,新北市政府警察局,新北市新店區新烏路1段前0.0公尺,晴,夜間(或隧道、地下道、涵洞)有照明,市區道路,40,單路部分,直路,路段,一般車道(未劃分快慢車道),柏油,乾燥,無缺陷,無障礙物,良好,良好,無號誌,無號誌,雙向禁止超車線,無標記,未繪設車道線,未繪設快慢車道分隔線,有,汽(機)車本身,路上翻車、摔倒,其他,其他引起事故之違規或不當行為,死亡1;受傷0,2,,,無或物(動物、堆置物),0,,,,,,,,,無(非車輛駕駛人因素),尚未發現肇事因素,否,121.547246,24.951566
2018,6,20180628,234500,A1,新北市政府警察局,新北市新店區新烏路1段前0.0公尺,晴,夜間(或隧道、地下道、涵洞)有照明,市區道路,40,單路部分,直路,路段,一般車道(未劃分快慢車道),柏油,乾燥,無缺陷,無障礙物,良好,良好,無號誌,無號誌,雙向禁止超車線,無標記,未繪設車道線,未繪設快慢車道分隔線,有,汽(機)車本身,路上翻車、摔倒,其他,其他引起事故之違規或不當行為,死亡1;受傷0,1,機車,普通重型,男,22,戴安全帽或繫安全帶(使用幼童安全椅),未使用,車的狀態,向前直行中,機車,左側車身,機車,左側車身,其他,其他引起事故之違規或不當行為,否,121.547246,24.951566
2018,6,20180629,044445,A1,臺南市政府警察局,臺南市關廟區埤頭里關新路1段746號前0.0公尺,晴,夜間(或隧道、地下道、涵洞)有照明,市區道路,60,單路部分,直路,路段,快車道,柏油,乾燥,無缺陷,無障礙物,良好,良好,無號誌,無號誌,中央分向島,寛式(50公分以上),車道線(無標記),未繪設快慢車道分隔線,有,汽(機)車本身,撞交通島,駕駛人,疲勞(患病)駕駛失控,死亡1;受傷1,2,,,無或物(動物、堆置物),-1,,,,,,,,,無(非車輛駕駛人因素),尚未發現肇事因素,否,120.308686,22.994001
2018,6,20180629,044445,A1,臺南市政府警察局,臺南市關廟區埤頭里關新路1段746號前0.0公尺,晴,夜間(或隧道、地下道、涵洞)有照明,市區道路,60,單路部分,直路,路段,快車道,柏油,乾燥,無缺陷,無障礙物,良好,良好,無號誌,無號誌,中央分向島,寛式(50公分以上),車道線(無標記),未繪設快慢車道分隔線,有,汽(機)車本身,撞交通島,駕駛人,疲勞(患病)駕駛失控,死亡1;受傷1,1,機車,普通重型,男,21,戴安全帽或繫安全帶(使用幼童安全椅),未使用,車的狀態,向前直行中,機車,左側車身,機車,左側車身,駕駛人,疲勞(患病)駕駛失控,否,120.308686,22.994001
2018,6,20180629,044445,A1,臺南市政府警察局,臺南市關廟區埤頭里關新路1段746號前0.0公尺,晴,夜間(或隧道、地下道、涵洞)有照明,市區道路,60,單路部分,直路,路段,快車道,柏油,乾燥,無缺陷,無障礙物,良好,良好,無號誌,無號誌,中央分向島,寛式(50公分以上),車道線(無標記),未繪設快慢車道分隔線,有,汽(機)車本身,撞交通島,駕駛人,疲勞(患病)駕駛失控,死亡1;受傷1,3,人,乘客,男,21,戴安全帽或繫安全帶(使用幼童安全椅),非汽(機)車駕駛人,人的狀態,其他,其他,非汽(機)車,,,無(非車輛駕駛人因素),尚未發現肇事因素,否,120.308686,22.994001
2018,6,20180629,083200,A1,高雄市政府警察局,高雄市鳳山區村建國路1段 / 高雄市鳳山區經武路,晴,日間自然光線,市區道路,70,交岔路,四岔路,交叉路口,交叉路口內,柏油,乾燥,無缺陷,無障礙物,良好,良好,行車管制號誌,正常,無,無分向設施,未繪設車道線,未繪設快慢車道分隔線,無,車與車,側撞,駕駛人,右轉彎未依規定,死亡1;受傷0,1,大貨車,自用,男,56,戴安全帽或繫安全帶(使用幼童安全椅),未使用,車的狀態,右轉彎,汽車,右前車頭(身),汽車,右側車身,駕駛人,右轉彎未依規定,否,120.363800,22.635230
2018,6,20180629,083200,A1,高雄市政府警察局,高雄市鳳山區村建國路1段 / 高雄市鳳山區經武路,晴,日間自然光線,市區道路,70,交岔路,四岔路,交叉路口,交叉路口內,柏油,乾燥,無缺陷,無障礙物,良好,良好,行車管制號誌,正常,無,無分向設施,未繪設車道線,未繪設快慢車道分隔線,無,車與車,側撞,駕駛人,右轉彎未依規定,死亡1;受傷0,2,機車,普通重型,女,76,戴安全帽或繫安全帶(使用幼童安全椅),未使用,車的狀態,向前直行中,機車,左側車身,機車,左側車身,無(車輛駕駛人因素),尚未發現肇事因素,否,120.363800,22.635230
2018,6,20180629,085034,A1,國道公路警察局,高雄市田寮區國道3號 382公里700.0公尺處南側向交流道,晴,日間自然光線,國道,110,單路部分,直路,路段,快車道,柏油,乾燥,無缺陷,無障礙物,良好,良好,無號誌,無號誌,中央分向島,寛式(50公分以上),車道線(附標記),未繪設快慢車道分隔線,有,汽(機)車本身,撞護欄(樁),駕駛人,變換車道或方向不當,死亡1;受傷0,2,,,無或物(動物、堆置物),-1,,,,,,,,,無(非車輛駕駛人因素),尚未發現肇事因素,否,120.381735,22.851159
2018,6,20180629,085034,A1,國道公路警察局,高雄市田寮區國道3號 382公里700.0公尺處南側向交流道,晴,日間自然光線,國道,110,單路部分,直路,路段,快車道,柏油,乾燥,無缺陷,無障礙物,良好,良好,無號誌,無號誌,中央分向島,寛式(50公分以上),車道線(附標記),未繪設快慢車道分隔線,有,汽(機)車本身,撞護欄(樁),駕駛人,變換車道或方向不當,死亡1;受傷0,1,小貨車(含客、貨兩用),自用,男,65,未戴案全帽或未繫安全帶(未使用幼童安全椅),未使用,車的狀態,向右變換車道,汽車,前車頭,,,駕駛人,變換車道或方向不當,否,120.381735,22.851159
2018,6,20180629,085800,A1,南投縣政府警察局,南投縣草屯鎮雙冬里中正路25之6號對面,晴,日間自然光線,省道,70,單路部分,直路,路段,路肩、路緣,柏油,乾燥,無缺陷,無障礙物,良好,良好,無號誌,無號誌,中央分向島,窄式無柵欄,禁止變換車道線(無標記),未繪設快慢車道分隔線,有,汽(機)車本身,撞路樹、電桿,駕駛人,疲勞(患病)駕駛失控,死亡1;受傷0,2,,,無或物(動物、堆置物),-1,,,,,,,,,無(非車輛駕駛人因素),尚未發現肇事因素,否,120.807200,23.989119
2018,6,20180629,085800,A1,南投縣政府警察局,南投縣草屯鎮雙冬里中正路25之6號對面,晴,日間自然光線,省道,70,單路部分,直路,路段,路肩、路緣,柏油,乾燥,無缺陷,無障礙物,良好,良好,無號誌,無號誌,中央分向島,窄式無柵欄,禁止變換車道線(無標記),未繪設快慢車道分隔線,有,汽(機)車本身,撞路樹、電桿,駕駛人,疲勞(患病)駕駛失控,死亡1;受傷0,1,機車,普通重型,男,22,戴安全帽或繫安全帶(使用幼童安全椅),未使用,車的狀態,向前直行中,機車,前車頭,,,駕駛人,疲勞(患病)駕駛失控,否,120.807200,23.989119
2018,6,20180629,134000,A1,新北市政府警察局,新北市三重區中興橋機車道路前0.0公尺,雨,日間自然光線,市區道路,40,單路部分,橋樑,路段,機車專用道,柏油,濕潤,無缺陷,無障礙物,良好,良好,無號誌,無號誌,無,無分向設施,未繪設車道線,未繪設快慢車道分隔線,有,汽(機)車本身,路上翻車、摔倒,駕駛人,未注意車前狀態,死亡1;受傷0,2,,,無或物(動物、堆置物),0,,,,,,,,,無(非車輛駕駛人因素),尚未發現肇事因素,否,121.493439,25.048728
2018,6,20180629,134000,A1,新北市政府警察局,新北市三重區中興橋機車道路前0.0公尺,雨,日間自然光線,市區道路,40,單路部分,橋樑,路段,機車專用道,柏油,濕潤,無缺陷,無障礙物,良好,良好,無號誌,無號誌,無,無分向設施,未繪設車道線,未繪設快慢車道分隔線,有,汽(機)車本身,路上翻車、摔倒,駕駛人,未注意車前狀態,死亡1;受傷0,1,機車,普通重型,男,26,不明,不明,車的狀態,向前直行中,其他,不明,其他,不明,駕駛人,未注意車前狀態,否,121.493439,25.048728
2018,6,20180629,151300,A1,臺南市政府警察局,臺南市安南區安中路1段北側 / 臺南市安南區安中路1段口,晴,日間自然光線,市區道路,50,交岔路,四岔路,交叉路口,交叉口附近,柏油,乾燥,無缺陷,無障礙物,良好,良好,閃光號誌,正常,無,無分向設施,未繪設車道線,未繪設快慢車道分隔線,無,車與車,路口交岔撞,駕駛人,未依規定讓車,死亡1;受傷0,2,機車,普通重型,男,18,戴安全帽或繫安全帶(使用幼童安全椅),未使用,車的狀態,向前直行中,機車,前車頭,,,駕駛人,未注意車前狀態,否,120.201600,23.039520
2018,6,20180629,151300,A1,臺南市政府警察局,臺南市安南區安中路1段北側 / 臺南市安南區安中路1段口,晴,日間自然光線,市區道路,50,交岔路,四岔路,交叉路口,交叉口附近,柏油,乾燥,無缺陷,無障礙物,良好,良好,閃光號誌,正常,無,無分向設施,未繪設車道線,未繪設快慢車道分隔線,無,車與車,路口交岔撞,駕駛人,未依規定讓車,死亡1;受傷0,1,慢車,腳踏自行車,男,86,其他(行人、慢車駕駛人),非汽(機)車駕駛人,車的狀態,向前直行中,其他,非汽(機)車,,,駕駛人,未依規定讓車,否,120.201600,23.039520
2018,6,20180629,155500,A1,彰化縣警察局,彰化縣北斗鎮大新里民生路 / 彰化縣北斗鎮大新里民生路,晴,日間自然光線,鄉道,40,交岔路,四岔路,交叉路口,交叉路口內,柏油,乾燥,無缺陷,無障礙物,良好,良好,無號誌,無號誌,無,無分向設施,未繪設車道線,未繪設快慢車道分隔線,有,車與車,路口交岔撞,駕駛人,未依規定讓車,死亡1;受傷1,1,機車,普通重型,女,69,戴安全帽或繫安全帶(使用幼童安全椅),不明,車的狀態,向前直行中,機車,右側車身,,,駕駛人,未依規定讓車,否,120.559803,23.851908
2018,6,20180629,155500,A1,彰化縣警察局,彰化縣北斗鎮大新里民生路 / 彰化縣北斗鎮大新里民生路,晴,日間自然光線,鄉道,40,交岔路,四岔路,交叉路口,交叉路口內,柏油,乾燥,無缺陷,無障礙物,良好,良好,無號誌,無號誌,無,無分向設施,未繪設車道線,未繪設快慢車道分隔線,有,車與車,路口交岔撞,駕駛人,未依規定讓車,死亡1;受傷1,2,小客車,自用,女,48,戴安全帽或繫安全帶(使用幼童安全椅),不明,車的狀態,向前直行中,汽車,左前車頭(身),,,駕駛人,未依規定減速,否,120.559803,23.851908
2018,6,20180629,155500,A1,彰化縣警察局,彰化縣北斗鎮大新里民生路 / 彰化縣北斗鎮大新里民生路,晴,日間自然光線,鄉道,40,交岔路,四岔路,交叉路口,交叉路口內,柏油,乾燥,無缺陷,無障礙物,良好,良好,無號誌,無號誌,無,無分向設施,未繪設車道線,未繪設快慢車道分隔線,有,車與車,路口交岔撞,駕駛人,未依規定讓車,死亡1;受傷1,3,人,乘客,男,7,戴安全帽或繫安全帶(使用幼童安全椅),非汽(機)車駕駛人,人的狀態,其他,其他,非汽(機)車,,,無(非車輛駕駛人因素),尚未發現肇事因素,否,120.559803,23.851908
2018,6,20180629,170000,A1,臺中市政府警察局,臺中市大雅區雅楓里民生路三段295號前0.0公尺,晴,日間自然光線,市區道路,5,交岔路,四岔路,交叉路口,交叉口附近,柏油,乾燥,無缺陷,無障礙物,良好,良好,行車管制號誌,正常,無,無分向設施,未繪設車道線,未繪設快慢車道分隔線,無,車與車,同向擦撞,駕駛人,未依規定讓車,死亡1;受傷0,1,曳引車,營業用,男,47,戴安全帽或繫安全帶(使用幼童安全椅),未使用,車的狀態,右轉彎,汽車,右前車頭(身),,,駕駛人,未依規定讓車,否,120.662120,24.232677
2018,6,20180629,170000,A1,臺中市政府警察局,臺中市大雅區雅楓里民生路三段295號前0.0公尺,晴,日間自然光線,市區道路,5,交岔路,四岔路,交叉路口,交叉口附近,柏油,乾燥,無缺陷,無障礙物,良好,良好,行車管制號誌,正常,無,無分向設施,未繪設車道線,未繪設快慢車道分隔線,無,車與車,同向擦撞,駕駛人,未依規定讓車,死亡1;受傷0,2,慢車,腳踏自行車,女,50,其他(行人、慢車駕駛人),非汽(機)車駕駛人,車的狀態,向前直行中,其他,非汽(機)車,,,駕駛人,未注意車前狀態,否,120.662120,24.232677
2018,6,20180629,174500,A1,臺東縣警察局,臺東縣臺東市臨海路3段南側 / 臺東縣臺東市重慶路,晴,日間自然光線,市區道路,60,單路部分,直路,路段,路肩、路緣,柏油,乾燥,無缺陷,無障礙物,良好,良好,無號誌,無號誌,中央分向島,寛式(50公分以上),車道線(無標記),未繪設快慢車道分隔線,有,汽(機)車本身,衝出路外,駕駛人,未注意車前狀態,死亡1;受傷0,2,,,無或物(動物、堆置物),-1,,,,,,,,,無(非車輛駕駛人因素),尚未發現肇事因素,否,121.123898,22.730239
2018,6,20180629,174500,A1,臺東縣警察局,臺東縣臺東市臨海路3段南側 / 臺東縣臺東市重慶路,晴,日間自然光線,市區道路,60,單路部分,直路,路段,路肩、路緣,柏油,乾燥,無缺陷,無障礙物,良好,良好,無號誌,無號誌,中央分向島,寛式(50公分以上),車道線(無標記),未繪設快慢車道分隔線,有,汽(機)車本身,衝出路外,駕駛人,未注意車前狀態,死亡1;受傷0,1,機車,普通重型,女,19,戴安全帽或繫安全帶(使用幼童安全椅),未使用,車的狀態,向前直行中,機車,前車頭,,,駕駛人,未注意車前狀態,否,121.123898,22.730239
2018,6,20180630,064600,A1,彰化縣警察局,彰化縣芳苑鄉草湖村仁愛路 / 彰化縣芳苑鄉草湖村芳東路,晴,日間自然光線,村里道路,50,交岔路,三岔路,交叉路口,交叉路口內,柏油,乾燥,無缺陷,無障礙物,良好,良好,無號誌,無號誌,無,無分向設施,未繪設車道線,未繪設快慢車道分隔線,有,車與車,側撞,駕駛人,未依規定讓車,死亡1;受傷1,2,小客車,自用,男,25,戴安全帽或繫安全帶(使用幼童安全椅),未使用,車的狀態,向前直行中,汽車,前車頭,,,駕駛人,未依規定減速,否,120.371111,23.932363
2018,6,20180630,064600,A1,彰化縣警察局,彰化縣芳苑鄉草湖村仁愛路 / 彰化縣芳苑鄉草湖村芳東路,晴,日間自然光線,村里道路,50,交岔路,三岔路,交叉路口,交叉路口內,柏油,乾燥,無缺陷,無障礙物,良好,良好,無號誌,無號誌,無,無分向設施,未繪設車道線,未繪設快慢車道分隔線,有,車與車,側撞,駕駛人,未依規定讓車,死亡1;受傷1,1,機車,普通重型,女,76,未戴案全帽或未繫安全帶(未使用幼童安全椅),不明,車的狀態,左轉彎,機車,左側車身,,,駕駛人,未依規定讓車,否,120.371111,23.932363
2018,6,20180630,073000,A1,桃園市政府警察局,桃園市大溪區復興路1段1089號前0.0公尺,陰,日間自然光線,市區道路,40,交岔路,三岔路,交叉路口,交叉路口內,柏油,乾燥,無缺陷,無障礙物,良好,良好,無號誌,無號誌,無,無分向設施,未繪設車道線,未繪設快慢車道分隔線,無,車與車,側撞,駕駛人,未依規定讓車,死亡1;受傷0,1,機車,普通重型,女,68,不明,不明,車的狀態,迴轉或橫越道路中,機車,右側車身,,,駕駛人,未依規定讓車,否,121.291196,24.840701
2018,6,20180630,073000,A1,桃園市政府警察局,桃園市大溪區復興路1段1089號前0.0公尺,陰,日間自然光線,市區道路,40,交岔路,三岔路,交叉路口,交叉路口內,柏油,乾燥,無缺陷,無障礙物,良好,良好,無號誌,無號誌,無,無分向設施,未繪設車道線,未繪設快慢車道分隔線,無,車與車,側撞,駕駛人,未依規定讓車,死亡1;受傷0,2,小貨車(含客、貨兩用),自用,男,35,不明,不明,車的狀態,向前直行中,汽車,前車頭,,,駕駛人,未注意車前狀態,否,121.291196,24.840701
2018,6,20180630,073000,A1,桃園市政府警察局,桃園市大溪區復興路1段1089號前0.0公尺,陰,日間自然光線,市區道路,40,交岔路,三岔路,交叉路口,交叉路口內,柏油,乾燥,無缺陷,無障礙物,良好,良好,無號誌,無號誌,無,無分向設施,未繪設車道線,未繪設快慢車道分隔線,無,車與車,側撞,駕駛人,未依規定讓車,死亡1;受傷0,3,小客車,自用,男,46,不明,不明,車的狀態,靜止(引擎熄火),汽車,左後車尾(身),,,其他,違規停車或暫停不當而肇事,否,121.291196,24.840701
2018,6,20180630,213716,A1,南投縣政府警察局,南投縣埔里鎮隆生路83-9號,雨,夜間(或隧道、地下道、涵洞)有照明,村里道路,50,交岔路,三岔路,路段,一般車道(未劃分快慢車道),柏油,濕潤,無缺陷,無障礙物,不良,其他,無號誌,無號誌,雙向禁止超車線,附標記,車道線(附標記),未繪設快慢車道分隔線,有,車與車,對撞,駕駛人,酒醉(後)駕駛失控,死亡1;受傷1,1,機車,普通重型,男,66,不明,不明,車的狀態,向前直行中,機車,前車頭,,,駕駛人,酒醉(後)駕駛失控,否,120.967483,23.959603
2018,6,20180630,213716,A1,南投縣政府警察局,南投縣埔里鎮隆生路83-9號,雨,夜間(或隧道、地下道、涵洞)有照明,村里道路,50,交岔路,三岔路,路段,一般車道(未劃分快慢車道),柏油,濕潤,無缺陷,無障礙物,不良,其他,無號誌,無號誌,雙向禁止超車線,附標記,車道線(附標記),未繪設快慢車道分隔線,有,車與車,對撞,駕駛人,酒醉(後)駕駛失控,死亡1;受傷1,3,人,乘客,男,78,不明,不明,人的狀態,其他,其他,非汽(機)車,,,無(非車輛駕駛人因素),尚未發現肇事因素,否,120.967483,23.959603
2018,6,20180630,213716,A1,南投縣政府警察局,南投縣埔里鎮隆生路83-9號,雨,夜間(或隧道、地下道、涵洞)有照明,村里道路,50,交岔路,三岔路,路段,一般車道(未劃分快慢車道),柏油,濕潤,無缺陷,無障礙物,不良,其他,無號誌,無號誌,雙向禁止超車線,附標記,車道線(附標記),未繪設快慢車道分隔線,有,車與車,對撞,駕駛人,酒醉(後)駕駛失控,死亡1;受傷1,2,小貨車(含客、貨兩用),自用,男,49,不明,不明,車的狀態,向前直行中,汽車,左前車頭(身),,,其他,其他引起事故之違規或不當行為,是,120.967483,23.959603
2018,6,20180630,230800,A1,雲林縣警察局,雲林縣莿桐鄉和平路口 / 雲林縣莿桐鄉外環道路口,雨,夜間(或隧道、地下道、涵洞)有照明,鄉道,50,交岔路,四岔路,交叉路口,交叉路口內,柏油,濕潤,無缺陷,無障礙物,良好,良好,閃光號誌,正常,無,無分向設施,未繪設車道線,未繪設快慢車道分隔線,無,車與車,路口交岔撞,駕駛人,未依規定讓車,死亡1;受傷0,1,小客車,自用,男,25,戴安全帽或繫安全帶(使用幼童安全椅),未使用,車的狀態,向前直行中,汽車,右前車頭(身),,,駕駛人,未依規定讓車,否,120.506190,23.766196
2018,6,20180630,230800,A1,雲林縣警察局,雲林縣莿桐鄉和平路口 / 雲林縣莿桐鄉外環道路口,雨,夜間(或隧道、地下道、涵洞)有照明,鄉道,50,交岔路,四岔路,交叉路口,交叉路口內,柏油,濕潤,無缺陷,無障礙物,良好,良好,閃光號誌,正常,無,無分向設施,未繪設車道線,未繪設快慢車道分隔線,無,車與車,路口交岔撞,駕駛人,未依規定讓車,死亡1;受傷0,2,機車,普通輕型,女,54,戴安全帽或繫安全帶(使用幼童安全椅),未使用,車的狀態,向前直行中,機車,左側車身,,,駕駛人,未注意車前狀態,否,120.506190,23.766196
2018,6,20180630,231500,A1,花蓮縣警察局,花蓮縣玉里鎮縣193線 107公里700.0公尺處南側,晴,夜間(或隧道、地下道、涵洞)無照明,縣道,50,單路部分,直路,其他,其他,柏油,乾燥,無缺陷,無障礙物,良好,良好,無號誌,無號誌,雙向禁止超車線,附標記,未繪設車道線,未繪設快慢車道分隔線,有,汽(機)車本身,撞路樹、電桿,駕駛人,酒醉(後)駕駛失控,死亡1;受傷0,2,,,無或物(動物、堆置物),-1,,,,,,,,,無(非車輛駕駛人因素),尚未發現肇事因素,否,121.344813,23.347694
2018,6,20180630,231500,A1,花蓮縣警察局,花蓮縣玉里鎮縣193線 107公里700.0公尺處南側,晴,夜間(或隧道、地下道、涵洞)無照明,縣道,50,單路部分,直路,其他,其他,柏油,乾燥,無缺陷,無障礙物,良好,良好,無號誌,無號誌,雙向禁止超車線,附標記,未繪設車道線,未繪設快慢車道分隔線,有,汽(機)車本身,撞路樹、電桿,駕駛人,酒醉(後)駕駛失控,死亡1;受傷0,1,機車,普通重型,男,25,未戴案全帽或未繫安全帶(未使用幼童安全椅),不明,車的狀態,向前直行中,機車,前車頭,,,駕駛人,酒醉(後)駕駛失控,否,121.344813,23.347694
2018,7,20180701,014042,A1,桃園市政府警察局,桃園市楊梅區四維里永美路口 / 桃園市楊梅區四維里四維二路口,陰,夜間(或隧道、地下道、涵洞)有照明,市區道路,50,交岔路,四岔路,交叉路口,交叉路口內,柏油,乾燥,無缺陷,無障礙物,良好,良好,行車管制號誌(附設行人專用號誌),正常,無,無分向設施,未繪設車道線,未繪設快慢車道分隔線,無,車與車,路口交岔撞,駕駛人,違反號誌管制或指揮,死亡1;受傷2,2,小客車,自用,男,48,不明,未使用,車的狀態,向前直行中,汽車,左前車頭(身),,,其他,其他引起事故之違規或不當行為,否,121.179064,24.914519
2018,7,20180701,014042,A1,桃園市政府警察局,桃園市楊梅區四維里永美路口 / 桃園市楊梅區四維里四維二路口,陰,夜間(或隧道、地下道、涵洞)有照明,市區道路,50,交岔路,四岔路,交叉路口,交叉路口內,柏油,乾燥,無缺陷,無障礙物,良好,良好,行車管制號誌(附設行人專用號誌),正常,無,無分向設施,未繪設車道線,未繪設快慢車道分隔線,無,車與車,路口交岔撞,駕駛人,違反號誌管制或指揮,死亡1;受傷2,1,特種車,警備車,男,23,戴安全帽或繫安全帶(使用幼童安全椅),未使用,車的狀態,向前直行中,汽車,左前車頭(身),,,駕駛人,違反號誌管制或指揮,否,121.179064,24.914519