發生年度,發生月份,發生日期,發生時間,事故類別名稱,處理單位名稱警局層,發生地點,天候名稱,光線名稱,道路類別-第1當事者-名稱,速限-第1當事者,道路型態大類別名稱,道路型態子類別名稱,事故位置大類別名稱,事故位置子類別名稱,路面狀況-路面鋪裝名稱,路面狀況-路面狀態名稱,路面狀況-路面缺陷名稱,道路障礙-障礙物名稱,道路障礙-視距品質名稱,道路障礙-視距名稱,號誌-號誌種類名稱,號誌-號誌動作名稱,車道劃分設施-分向設施大類別名稱,車道劃分設施-分向設施子類別名稱,車道劃分設施-分道設施-快車道或一般車道間名稱,車道劃分設施-分道設施-快慢車道間名稱,車道劃分設施-分道設施-路面邊線名稱,事故類型及型態大類別名稱,事故類型及型態子類別名稱,肇因研判大類別名稱-主要,肇因研判子類別名稱-主要,死亡受傷人數,當事者順位,當事者區分-類別-大類別名稱-車種,當事者區分-類別-子類別名稱-車種,當事者屬-性-別名稱,當事者事故發生時年齡,保護裝備名稱,行動電話或電腦或其他相類功能裝置名稱,當事者行動狀態大類別名稱,當事者行動狀態子類別名稱,車輛撞擊部位大類別名稱-最初,車輛撞擊部位子類別名稱-最初,車輛撞擊部位大類別名稱-其他,車輛撞擊部位子類別名稱-其他,肇因研判大類別名稱-個別,肇因研判子類別名稱-個別,肇事逃逸類別名稱-是否肇逃,經度,緯度
2018,7,20180701,014042,A1,桃園市政府警察局,桃園市楊梅區四維里永美路口 / 桃園市楊梅區四維里四維二路口,陰,夜間(或隧道、地下道、涵洞)有照明,市區道路,50,交岔路,四岔路,交叉路口,交叉路口內,柏油,乾燥,無缺陷,無障礙物,良好,良好,行車管制號誌(附設行人專用號誌),正常,無,無分向設施,未繪設車道線,未繪設快慢車道分隔線,無,車與車,路口交岔撞,駕駛人,違反號誌管制或指揮,死亡1;受傷2,3,人,乘客,女,45,戴安全帽或繫安全帶(使用幼童安全椅),未使用,人的狀態,靜立(止),其他,非汽(機)車,,,無(非車輛駕駛人因素),尚未發現肇事因素,否,121.179064,24.914519
2018,7,20180701,133352,A1,宜蘭縣政府警察局,宜蘭縣宜蘭市進士路南側 / 宜蘭縣宜蘭市進士路,晴,日間自然光線,市區道路,40,交岔路,四岔路,交叉路口,交叉路口內,柏油,乾燥,無缺陷,無障礙物,良好,良好,無號誌,無號誌,無,無分向設施,未繪設車道線,未繪設快慢車道分隔線,無,車與車,路口交岔撞,駕駛人,未依規定讓車,死亡1;受傷0,2,機車,普通重型,男,37,戴安全帽或繫安全帶(使用幼童安全椅),未使用,車的狀態,向前直行中,機車,前車頭,,,駕駛人,超速失控,否,121.737909,24.737218
2018,7,20180701,133352,A1,宜蘭縣政府警察局,宜蘭縣宜蘭市進士路南側 / 宜蘭縣宜蘭市進士路,晴,日間自然光線,市區道路,40,交岔路,四岔路,交叉路口,交叉路口內,柏油,乾燥,無缺陷,無障礙物,良好,良好,無號誌,無號誌,無,無分向設施,未繪設車道線,未繪設快慢車道分隔線,無,車與車,路口交岔撞,駕駛人,未依規定讓車,死亡1;受傷0,1,小客車,自用,男,35,戴安全帽或繫安全帶(使用幼童安全椅),未使用,車的狀態,向前直行中,汽車,右側車身,,,駕駛人,未依規定讓車,否,121.737909,24.737218
2018,7,20180701,170200,A1,新北市政府警察局,新北市土城區石門路58號前0.0公尺,晴,日間自然光線,市區道路,40,單路部分,坡路,路段,一般車道(未劃分快慢車道),柏油,乾燥,無缺陷,無障礙物,良好,良好,無號誌,無號誌,無,無分向設施,未繪設車道線,未繪設快慢車道分隔線,有,汽(機)車本身,路上翻車、摔倒,其他,其他引起事故之違規或不當行為,死亡1;受傷1,2,,,無或物(動物、堆置物),0,,,,,,,,,交通管制(設施),路況危險無安全(警告)設施,否,121.456929,24.958215
2018,7,20180701,170200,A1,新北市政府警察局,新北市土城區石門路58號前0.0公尺,晴,日間自然光線,市區道路,40,單路部分,坡路,路段,一般車道(未劃分快慢車道),柏油,乾燥,無缺陷,無障礙物,良好,良好,無號誌,無號誌,無,無分向設施,未繪設車道線,未繪設快慢車道分隔線,有,汽(機)車本身,路上翻車、摔倒,其他,其他引起事故之違規或不當行為,死亡1;受傷1,1,機車,普通重型,男,61,戴安全帽或繫安全帶(使用幼童安全椅),未使用,車的狀態,向前直行中,其他,不明,其他,不明,其他,其他引起事故之違規或不當行為,否,121.456929,24.958215
2018,7,20180701,170200,A1,新北市政府警察局,新北市土城區石門路58號前0.0公尺,晴,日間自然光線,市區道路,40,單路部分,坡路,路段,一般車道(未劃分快慢車道),柏油,乾燥,無缺陷,無障礙物,良好,良好,無號誌,無號誌,無,無分向設施,未繪設車道線,未繪設快慢車道分隔線,有,汽(機)車本身,路上翻車、摔倒,其他,其他引起事故之違規或不當行為,死亡1;受傷1,3,人,乘客,女,89,戴安全帽或繫安全帶(使用幼童安全椅),未使用,人的狀態,其他,其他,非汽(機)車,其他,非汽(機)車,無(非車輛駕駛人因素),尚未發現肇事因素,否,121.456929,24.958215
2018,7,20180701,170300,A1,新北市政府警察局,新北市汐止區汐萬路3段前0.0公尺,晴,晨或暮光,市區道路,40,單路部分,彎曲路及附近,路段,一般車道(未劃分快慢車道),柏油,乾燥,無缺陷,無障礙物,不良,坡道,無號誌,無號誌,雙向禁止超車線,無標記,車道線(無標記),未繪設快慢車道分隔線,有,車與車,對撞,駕駛人,違規超車,死亡1;受傷1,1,機車,普通重型,男,16,戴安全帽或繫安全帶(使用幼童安全椅),未使用,車的狀態,超車(含超越),機車,前車頭,機車,前車頭,駕駛人,違規超車,否,121.642364,25.097410
2018,7,20180701,170300,A1,新北市政府警察局,新北市汐止區汐萬路3段前0.0公尺,晴,晨或暮光,市區道路,40,單路部分,彎曲路及附近,路段,一般車道(未劃分快慢車道),柏油,乾燥,無缺陷,無障礙物,不良,坡道,無號誌,無號誌,雙向禁止超車線,無標記,車道線(無標記),未繪設快慢車道分隔線,有,車與車,對撞,駕駛人,違規超車,死亡1;受傷1,2,機車,大型重型1(550C.C.以上),男,42,戴安全帽或繫安全帶(使用幼童安全椅),未使用,車的狀態,向前直行中,機車,前車頭,機車,前車頭,無(車輛駕駛人因素),尚未發現肇事因素,否,121.642364,25.097410
2018,7,20180701,194700,A1,高雄市政府警察局,高雄市橋頭區里林西路49號前0.0公尺前,雨,夜間(或隧道、地下道、涵洞)有照明,市區道路,50,單路部分,直路,路段,一般車道(未劃分快慢車道),柏油,濕潤,無缺陷,無障礙物,不良,其他,無號誌,無號誌,行車分向線,無標記,未繪設車道線,未繪設快慢車道分隔線,有,人與汽(機)車,穿越道路中,駕駛人,未注意車前狀態,死亡1;受傷1,1,機車,普通重型,男,52,戴安全帽或繫安全帶(使用幼童安全椅),未使用,車的狀態,向前直行中,機車,前車頭,機車,前車頭,駕駛人,未注意車前狀態,否,120.289664,22.763396
2018,7,20180701,194700,A1,高雄市政府警察局,高雄市橋頭區里林西路49號前0.0公尺前,雨,夜間(或隧道、地下道、涵洞)有照明,市區道路,50,單路部分,直路,路段,一般車道(未劃分快慢車道),柏油,濕潤,無缺陷,無障礙物,不良,其他,無號誌,無號誌,行車分向線,無標記,未繪設車道線,未繪設快慢車道分隔線,有,人與汽(機)車,穿越道路中,駕駛人,未注意車前狀態,死亡1;受傷1,2,人,行人,男,87,其他(行人、慢車駕駛人),非汽(機)車駕駛人,人的狀態,步行,其他,非汽(機)車,其他,非汽(機)車,行人(或乘客),穿越道路未注意左右來車,否,120.289664,22.763396
2018,7,20180702,051041,A1,臺東縣警察局,臺東縣鹿野鄉龍田村北三路靠近龍三路以西50公尺處,陰,晨或暮光,村里道路,40,單路部分,直路,路段,路肩、路緣,柏油,乾燥,無缺陷,無障礙物,良好,良好,無號誌,無號誌,無,無分向設施,未繪設車道線,未繪設快慢車道分隔線,有,汽(機)車本身,撞路樹、電桿,駕駛人,酒醉(後)駕駛失控,死亡1;受傷0,2,,,無或物(動物、堆置物),-1,,,,,,,,,無(非車輛駕駛人因素),尚未發現肇事因素,否,121.124861,22.908588
2018,7,20180702,051041,A1,臺東縣警察局,臺東縣鹿野鄉龍田村北三路靠近龍三路以西50公尺處,陰,晨或暮光,村里道路,40,單路部分,直路,路段,路肩、路緣,柏油,乾燥,無缺陷,無障礙物,良好,良好,無號誌,無號誌,無,無分向設施,未繪設車道線,未繪設快慢車道分隔線,有,汽(機)車本身,撞路樹、電桿,駕駛人,酒醉(後)駕駛失控,死亡1;受傷0,1,小貨車(含客、貨兩用),自用,男,63,未戴案全帽或未繫安全帶(未使用幼童安全椅),未使用,車的狀態,向前直行中,汽車,前車頭,,,駕駛人,酒醉(後)駕駛失控,否,121.124861,22.908588
2018,7,20180702,070500,A1,基隆市警察局,基隆市安樂區麥金路146號前0.0公尺,晴,日間自然光線,市區道路,50,單路部分,直路,路段,一般車道(未劃分快慢車道),柏油,乾燥,無缺陷,無障礙物,良好,良好,無號誌,無號誌,雙向禁止超車線,附標記,車道線(無標記),未繪設快慢車道分隔線,有,車與車,對撞,駕駛人,疲勞(患病)駕駛失控,死亡1;受傷1,1,小客車,自用,男,41,戴安全帽或繫安全帶(使用幼童安全椅),未使用,車的狀態,向前直行中,汽車,前車頭,汽車,前車頭,駕駛人,疲勞(患病)駕駛失控,否,121.724521,25.118904
2018,7,20180702,070500,A1,基隆市警察局,基隆市安樂區麥金路146號前0.0公尺,晴,日間自然光線,市區道路,50,單路部分,直路,路段,一般車道(未劃分快慢車道),柏油,乾燥,無缺陷,無障礙物,良好,良好,無號誌,無號誌,雙向禁止超車線,附標記,車道線(無標記),未繪設快慢車道分隔線,有,車與車,對撞,駕駛人,疲勞(患病)駕駛失控,死亡1;受傷1,2,機車,普通重型,女,39,戴安全帽或繫安全帶(使用幼童安全椅),未使用,車的狀態,向前直行中,機車,前車頭,機車,前車頭,無(車輛駕駛人因素),尚未發現肇事因素,否,121.724521,25.118904
2018,7,20180702,070500,A1,基隆市警察局,基隆市安樂區麥金路146號前0.0公尺,晴,日間自然光線,市區道路,50,單路部分,直路,路段,一般車道(未劃分快慢車道),柏油,乾燥,無缺陷,無障礙物,良好,良好,無號誌,無號誌,雙向禁止超車線,附標記,車道線(無標記),未繪設快慢車道分隔線,有,車與車,對撞,駕駛人,疲勞(患病)駕駛失控,死亡1;受傷1,3,機車,普通重型,男,47,戴安全帽或繫安全帶(使用幼童安全椅),未使用,車的狀態,向前直行中,機車,前車頭,機車,前車頭,無(車輛駕駛人因素),尚未發現肇事因素,否,121.724521,25.118904
2018,7,20180702,172554,A1,苗栗縣警察局,苗栗縣頭份市永貞路與工業路口,晴,日間自然光線,省道,60,交岔路,四岔路,交叉路口,交叉路口內,柏油,乾燥,無缺陷,無障礙物,良好,良好,行車管制號誌,正常,雙向禁止超車線,無標記,未繪設車道線,未繪設快慢車道分隔線,有,車與車,側撞,駕駛人,左轉彎未依規定,死亡1;受傷0,1,機車,普通重型,男,41,戴安全帽或繫安全帶(使用幼童安全椅),未使用,車的狀態,左轉彎,機車,前車頭,,,駕駛人,左轉彎未依規定,否,120.884334,24.676900
2018,7,20180702,172554,A1,苗栗縣警察局,苗栗縣頭份市永貞路與工業路口,晴,日間自然光線,省道,60,交岔路,四岔路,交叉路口,交叉路口內,柏油,乾燥,無缺陷,無障礙物,良好,良好,行車管制號誌,正常,雙向禁止超車線,無標記,未繪設車道線,未繪設快慢車道分隔線,有,車與車,側撞,駕駛人,左轉彎未依規定,死亡1;受傷0,2,小客車,自用,男,55,戴安全帽或繫安全帶(使用幼童安全椅),未使用,車的狀態,向前直行中,汽車,右側車身,,,駕駛人,未注意車前狀態,否,120.884334,24.676900
2018,7,20180702,193600,A1,臺南市政府警察局,臺南市下營區台84線 15公里200.0公尺處,雨,夜間(或隧道、地下道、涵洞)無照明,省道,100,單路部分,直路,路段,快車道,柏油,濕潤,無缺陷,無障礙物,良好,良好,無號誌,無號誌,中央分向島,寛式(50公分以上),車道線(無標記),未繪設快慢車道分隔線,有,車與車,追撞,駕駛人,未保持行車安全距離,死亡1;受傷0,1,小客車,自用,男,46,不明,不明,車的狀態,向前直行中,汽車,前車頭,,,駕駛人,未保持行車安全距離,否,120.251692,23.211556
2018,7,20180702,193600,A1,臺南市政府警察局,臺南市下營區台84線 15公里200.0公尺處,雨,夜間(或隧道、地下道、涵洞)無照明,省道,100,單路部分,直路,路段,快車道,柏油,濕潤,無缺陷,無障礙物,良好,良好,無號誌,無號誌,中央分向島,寛式(50公分以上),車道線(無標記),未繪設快慢車道分隔線,有,車與車,追撞,駕駛人,未保持行車安全距離,死亡1;受傷0,3,大貨車,營業用,男,30,戴安全帽或繫安全帶(使用幼童安全椅),未使用,車的狀態,向前直行中,汽車,前車頭,,,駕駛人,未注意車前狀態,否,120.251692,23.211556
2018,7,20180702,193600,A1,臺南市政府警察局,臺南市下營區台84線 15公里200.0公尺處,雨,夜間(或隧道、地下道、涵洞)無照明,省道,100,單路部分,直路,路段,快車道,柏油,濕潤,無缺陷,無障礙物,良好,良好,無號誌,無號誌,中央分向島,寛式(50公分以上),車道線(無標記),未繪設快慢車道分隔線,有,車與車,追撞,駕駛人,未保持行車安全距離,死亡1;受傷0,2,半聯結車,營業用,男,57,戴安全帽或繫安全帶(使用幼童安全椅),未使用,車的狀態,向前直行中,汽車,右後車尾(身),,,其他,其他引起事故之違規或不當行為,否,120.251692,23.211556
2018,7,20180703,003000,A1,臺中市政府警察局,臺中市太平區太平里甲堤路前0.0公尺,晴,夜間(或隧道、地下道、涵洞)有照明,市區道路,40,交岔路,三岔路,交叉路口,交叉路口內,柏油,乾燥,無缺陷,無障礙物,良好,良好,行車管制號誌,正常,無,無分向設施,未繪設車道線,未繪設快慢車道分隔線,無,汽(機)車本身,路上翻車、摔倒,其他,不明原因肇事,死亡1;受傷1,2,,,無或物(動物、堆置物),0,,,,,,,,,無(非車輛駕駛人因素),尚未發現肇事因素,否,120.706920,24.128857
2018,7,20180703,003000,A1,臺中市政府警察局,臺中市太平區太平里甲堤路前0.0公尺,晴,夜間(或隧道、地下道、涵洞)有照明,市區道路,40,交岔路,三岔路,交叉路口,交叉路口內,柏油,乾燥,無缺陷,無障礙物,良好,良好,行車管制號誌,正常,無,無分向設施,未繪設車道線,未繪設快慢車道分隔線,無,汽(機)車本身,路上翻車、摔倒,其他,不明原因肇事,死亡1;受傷1,1,機車,普通重型,男,16,未戴案全帽或未繫安全帶(未使用幼童安全椅),未使用,車的狀態,向前直行中,機車,右側車身,,,其他,不明原因肇事,否,120.706920,24.128857
2018,7,20180703,003000,A1,臺中市政府警察局,臺中市太平區太平里甲堤路前0.0公尺,晴,夜間(或隧道、地下道、涵洞)有照明,市區道路,40,交岔路,三岔路,交叉路口,交叉路口內,柏油,乾燥,無缺陷,無障礙物,良好,良好,行車管制號誌,正常,無,無分向設施,未繪設車道線,未繪設快慢車道分隔線,無,汽(機)車本身,路上翻車、摔倒,其他,不明原因肇事,死亡1;受傷1,3,人,乘客,男,14,未戴案全帽或未繫安全帶(未使用幼童安全椅),非汽(機)車駕駛人,人的狀態,其他,其他,非汽(機)車,,,無(非車輛駕駛人因素),尚未發現肇事因素,否,120.706920,24.128857
2018,7,20180703,043300,A1,彰化縣警察局,彰化縣鹿港鎮東崎里鹿東路2段 / 彰化縣鹿港鎮東崎里打鐵巷,陰,夜間(或隧道、地下道、涵洞)有照明,村里道路,60,單路部分,直路,路段,快車道,柏油,濕潤,無缺陷,無障礙物,良好,良好,無號誌,無號誌,中央分向島,寛式(50公分以上),車道線(無標記),快慢車道分隔線,有,汽(機)車本身,路上翻車、摔倒,其他,不明原因肇事,死亡1;受傷0,2,,,無或物(動物、堆置物),0,,,,,,,,,無(非車輛駕駛人因素),尚未發現肇事因素,否,120.465439,24.056000
2018,7,20180703,043300,A1,彰化縣警察局,彰化縣鹿港鎮東崎里鹿東路2段 / 彰化縣鹿港鎮東崎里打鐵巷,陰,夜間(或隧道、地下道、涵洞)有照明,村里道路,60,單路部分,直路,路段,快車道,柏油,濕潤,無缺陷,無障礙物,良好,良好,無號誌,無號誌,中央分向島,寛式(50公分以上),車道線(無標記),快慢車道分隔線,有,汽(機)車本身,路上翻車、摔倒,其他,不明原因肇事,死亡1;受傷0,1,機車,普通重型,男,22,未戴案全帽或未繫安全帶(未使用幼童安全椅),未使用,車的狀態,向前直行中,其他,不明,,,其他,不明原因肇事,否,120.465439,24.056000
2018,7,20180703,081536,A1,航空警察局,桃園市大園區桃園國際機場航站南路近二航廈路段,晴,日間自然光線,專用道路,50,單路部分,直路,路段,路肩、路緣,柏油,乾燥,無缺陷,無障礙物,良好,良好,無號誌,無號誌,行車分向線,附標記,車道線(附標記),未繪設快慢車道分隔線,有,汽(機)車本身,撞護欄(樁),其他,不明原因肇事,死亡1;受傷0,2,,,無或物(動物、堆置物),-1,,,,,,,,,無(非車輛駕駛人因素),尚未發現肇事因素,否,121.231976,25.077012
2018,7,20180703,081536,A1,航空警察局,桃園市大園區桃園國際機場航站南路近二航廈路段,晴,日間自然光線,專用道路,50,單路部分,直路,路段,路肩、路緣,柏油,乾燥,無缺陷,無障礙物,良好,良好,無號誌,無號誌,行車分向線,附標記,車道線(附標記),未繪設快慢車道分隔線,有,汽(機)車本身,撞護欄(樁),其他,不明原因肇事,死亡1;受傷0,1,小貨車(含客、貨兩用),自用,男,61,不明,不明,車的狀態,向前直行中,汽車,前車頭,汽車,前車頭,其他,不明原因肇事,否,121.231976,25.077012
2018,7,20180703,105128,A1,嘉義縣警察局,嘉義縣東石鄉台61線263K北向東石交流道口,晴,日間自然光線,省道,90,單路部分,直路,交流道,直線匝道,柏油,乾燥,無缺陷,無障礙物,良好,良好,無號誌,無號誌,中央分向島,窄式無柵欄,車道線(無標記),未繪設快慢車道分隔線,有,車與車,追撞,駕駛人,未保持行車安全距離,死亡1;受傷2,1,大貨車,自用,男,28,不明,不明,車的狀態,向前直行中,汽車,前車頭,,,駕駛人,未保持行車安全距離,否,120.165808,23.454192
2018,7,20180703,105128,A1,嘉義縣警察局,嘉義縣東石鄉台61線263K北向東石交流道口,晴,日間自然光線,省道,90,單路部分,直路,交流道,直線匝道,柏油,乾燥,無缺陷,無障礙物,良好,良好,無號誌,無號誌,中央分向島,窄式無柵欄,車道線(無標記),未繪設快慢車道分隔線,有,車與車,追撞,駕駛人,未保持行車安全距離,死亡1;受傷2,3,人,乘客,女,19,不明,不明,人的狀態,不明,其他,非汽(機)車,,,無(非車輛駕駛人因素),尚未發現肇事因素,否,120.165808,23.454192
2018,7,20180703,105128,A1,嘉義縣警察局,嘉義縣東石鄉台61線263K北向東石交流道口,晴,日間自然光線,省道,90,單路部分,直路,交流道,直線匝道,柏油,乾燥,無缺陷,無障礙物,良好,良好,無號誌,無號誌,中央分向島,窄式無柵欄,車道線(無標記),未繪設快慢車道分隔線,有,車與車,追撞,駕駛人,未保持行車安全距離,死亡1;受傷2,4,人,乘客,女,51,不明,不明,人的狀態,不明,其他,非汽(機)車,,,無(非車輛駕駛人因素),尚未發現肇事因素,否,120.165808,23.454192
2018,7,20180703,105128,A1,嘉義縣警察局,嘉義縣東石鄉台61線263K北向東石交流道口,晴,日間自然光線,省道,90,單路部分,直路,交流道,直線匝道,柏油,乾燥,無缺陷,無障礙物,良好,良好,無號誌,無號誌,中央分向島,窄式無柵欄,車道線(無標記),未繪設快慢車道分隔線,有,車與車,追撞,駕駛人,未保持行車安全距離,死亡1;受傷2,2,小客車,自用,男,55,不明,不明,車的狀態,向前直行中,汽車,後車尾,,,無(車輛駕駛人因素),尚未發現肇事因素,否,120.165808,23.454192
2018,7,20180703,121000,A1,臺南市政府警察局,臺南市歸仁區六甲里凱旋路3段東側 / 臺南市歸仁區六甲里省道臺39線北側,陰,日間自然光線,市區道路,50,交岔路,四岔路,交叉路口,交叉路口內,柏油,乾燥,無缺陷,無障礙物,不良,其他,行車管制號誌,正常,中央分向島,寛式(50公分以上),未繪設車道線,未繪設快慢車道分隔線,有,車與車,路口交岔撞,駕駛人,違反號誌管制或指揮,死亡1;受傷0,1,機車,普通重型,女,56,戴安全帽或繫安全帶(使用幼童安全椅),未使用,車的狀態,向前直行中,機車,右側車身,,,駕駛人,違反號誌管制或指揮,否,120.274381,22.950633
2018,7,20180703,121000,A1,臺南市政府警察局,臺南市歸仁區六甲里凱旋路3段東側 / 臺南市歸仁區六甲里省道臺39線北側,陰,日間自然光線,市區道路,50,交岔路,四岔路,交叉路口,交叉路口內,柏油,乾燥,無缺陷,無障礙物,不良,其他,行車管制號誌,正常,中央分向島,寛式(50公分以上),未繪設車道線,未繪設快慢車道分隔線,有,車與車,路口交岔撞,駕駛人,違反號誌管制或指揮,死亡1;受傷0,2,小客車,自用,男,40,戴安全帽或繫安全帶(使用幼童安全椅),未使用,車的狀態,向前直行中,汽車,前車頭,,,無(車輛駕駛人因素),尚未發現肇事因素,否,120.274381,22.950633
2018,7,20180704,011100,A1,高雄市政府警察局,高雄市楠梓區村高楠公路898之1號前0.0公尺,晴,夜間(或隧道、地下道、涵洞)有照明,市區道路,40,單路部分,直路,路段,機車優先道,柏油,濕潤,無缺陷,無障礙物,良好,良好,無號誌,無號誌,中央分向島,寛式(50公分以上),車道線(無標記),寛式快慢車道分隔島(50公分以上),無,汽(機)車本身,路上翻車、摔倒,其他,其他引起事故之違規或不當行為,死亡1;受傷1,2,,,無或物(動物、堆置物),107,,,,,,,,,無(非車輛駕駛人因素),尚未發現肇事因素,否,120.324866,22.707771
2018,7,20180704,011100,A1,高雄市政府警察局,高雄市楠梓區村高楠公路898之1號前0.0公尺,晴,夜間(或隧道、地下道、涵洞)有照明,市區道路,40,單路部分,直路,路段,機車優先道,柏油,濕潤,無缺陷,無障礙物,良好,良好,無號誌,無號誌,中央分向島,寛式(50公分以上),車道線(無標記),寛式快慢車道分隔島(50公分以上),無,汽(機)車本身,路上翻車、摔倒,其他,其他引起事故之違規或不當行為,死亡1;受傷1,3,人,乘客,女,21,其他(行人、慢車駕駛人),非汽(機)車駕駛人,人的狀態,不明,其他,非汽(機)車,其他,非汽(機)車,無(非車輛駕駛人因素),尚未發現肇事因素,否,120.324866,22.707771
2018,7,20180704,011100,A1,高雄市政府警察局,高雄市楠梓區村高楠公路898之1號前0.0公尺,晴,夜間(或隧道、地下道、涵洞)有照明,市區道路,40,單路部分,直路,路段,機車優先道,柏油,濕潤,無缺陷,無障礙物,良好,良好,無號誌,無號誌,中央分向島,寛式(50公分以上),車道線(無標記),寛式快慢車道分隔島(50公分以上),無,汽(機)車本身,路上翻車、摔倒,其他,其他引起事故之違規或不當行為,死亡1;受傷1,1,機車,普通重型,男,21,戴安全帽或繫安全帶(使用幼童安全椅),不明,車的狀態,向前直行中,機車,前車頭,機車,前車頭,其他,其他引起事故之違規或不當行為,否,120.324866,22.707771
2018,7,20180704,132700,A1,臺南市政府警察局,臺南市永康區永華路233巷35號前0.0公尺,陰,日間自然光線,市區道路,40,單路部分,彎曲路及附近,路段,一般車道(未劃分快慢車道),柏油,乾燥,無缺陷,無障礙物,良好,良好,無號誌,無號誌,無,無分向設施,未繪設車道線,未繪設快慢車道分隔線,無,車與車,對向擦撞,駕駛人,未保持行車安全間隔,死亡1;受傷1,3,機車,普通重型,男,27,不明,不明,車的狀態,靜止(引擎熄火),機車,後車尾,,,無(車輛駕駛人因素),尚未發現肇事因素,否,120.258185,23.011436
2018,7,20180704,132700,A1,臺南市政府警察局,臺南市永康區永華路233巷35號前0.0公尺,陰,日間自然光線,市區道路,40,單路部分,彎曲路及附近,路段,一般車道(未劃分快慢車道),柏油,乾燥,無缺陷,無障礙物,良好,良好,無號誌,無號誌,無,無分向設施,未繪設車道線,未繪設快慢車道分隔線,無,車與車,對向擦撞,駕駛人,未保持行車安全間隔,死亡1;受傷1,4,機車,普通重型,女,26,不明,不明,車的狀態,靜止(引擎熄火),機車,右側車身,,,無(車輛駕駛人因素),尚未發現肇事因素,否,120.258185,23.011436
2018,7,20180704,132700,A1,臺南市政府警察局,臺南市永康區永華路233巷35號前0.0公尺,陰,日間自然光線,市區道路,40,單路部分,彎曲路及附近,路段,一般車道(未劃分快慢車道),柏油,乾燥,無缺陷,無障礙物,良好,良好,無號誌,無號誌,無,無分向設施,未繪設車道線,未繪設快慢車道分隔線,無,車與車,對向擦撞,駕駛人,未保持行車安全間隔,死亡1;受傷1,1,小貨車(含客、貨兩用),自用,男,71,不明,不明,車的狀態,向前直行中,汽車,左前車頭(身),,,駕駛人,未保持行車安全間隔,否,120.258185,23.011436
2018,7,20180704,132700,A1,臺南市政府警察局,臺南市永康區永華路233巷35號前0.0公尺,陰,日間自然光線,市區道路,40,單路部分,彎曲路及附近,路段,一般車道(未劃分快慢車道),柏油,乾燥,無缺陷,無障礙物,良好,良好,無號誌,無號誌,無,無分向設施,未繪設車道線,未繪設快慢車道分隔線,無,車與車,對向擦撞,駕駛人,未保持行車安全間隔,死亡1;受傷1,6,人,其他人,女,81,其他(行人、慢車駕駛人),非汽(機)車駕駛人,人的狀態,其他,其他,非汽(機)車,,,無(非車輛駕駛人因素),尚未發現肇事因素,否,120.258185,23.011436
2018,7,20180704,132700,A1,臺南市政府警察局,臺南市永康區永華路233巷35號前0.0公尺,陰,日間自然光線,市區道路,40,單路部分,彎曲路及附近,路段,一般車道(未劃分快慢車道),柏油,乾燥,無缺陷,無障礙物,良好,良好,無號誌,無號誌,無,無分向設施,未繪設車道線,未繪設快慢車道分隔線,無,車與車,對向擦撞,駕駛人,未保持行車安全間隔,死亡1;受傷1,5,小客車,自用,女,37,戴安全帽或繫安全帶(使用幼童安全椅),未使用,車的狀態,等待(引擎未熄火),汽車,左側車身,,,其他,違規停車或暫停不當而肇事,否,120.258185,23.011436
2018,7,20180704,132700,A1,臺南市政府警察局,臺南市永康區永華路233巷35號前0.0公尺,陰,日間自然光線,市區道路,40,單路部分,彎曲路及附近,路段,一般車道(未劃分快慢車道),柏油,乾燥,無缺陷,無障礙物,良好,良好,無號誌,無號誌,無,無分向設施,未繪設車道線,未繪設快慢車道分隔線,無,車與車,對向擦撞,駕駛人,未保持行車安全間隔,死亡1;受傷1,2,小貨車(含客、貨兩用),自用,男,67,未戴案全帽或未繫安全帶(未使用幼童安全椅),未使用,車的狀態,向前直行中,汽車,左側車身,,,駕駛人,未保持行車安全間隔,否,120.258185,23.011436
2018,7,20180704,141900,A1,雲林縣警察局,雲林縣虎尾鎮興中里清雲路與學府路口,雨,日間自然光線,村里道路,50,交岔路,多岔路,交叉路口,交叉路口內,柏油,濕潤,無缺陷,無障礙物,良好,良好,行車管制號誌,不正常,無,無分向設施,未繪設車道線,未繪設快慢車道分隔線,無,車與車,路口交岔撞,駕駛人,違反號誌管制或指揮,死亡1;受傷0,1,小客車,自用,女,29,戴安全帽或繫安全帶(使用幼童安全椅),未使用,車的狀態,向前直行中,汽車,右前車頭(身),,,駕駛人,違反號誌管制或指揮,否,120.428764,23.736015
2018,7,20180704,141900,A1,雲林縣警察局,雲林縣虎尾鎮興中里清雲路與學府路口,雨,日間自然光線,村里道路,50,交岔路,多岔路,交叉路口,交叉路口內,柏油,濕潤,無缺陷,無障礙物,良好,良好,行車管制號誌,不正常,無,無分向設施,未繪設車道線,未繪設快慢車道分隔線,無,車與車,路口交岔撞,駕駛人,違反號誌管制或指揮,死亡1;受傷0,2,機車,普通重型,男,36,戴安全帽或繫安全帶(使用幼童安全椅),未使用,車的狀態,向前直行中,機車,前車頭,,,無(車輛駕駛人因素),尚未發現肇事因素,否,120.428764,23.736015