發生年度,發生月份,發生日期,發生時間,事故類別名稱,處理單位名稱警局層,發生地點,天候名稱,光線名稱,道路類別-第1當事者-名稱,速限-第1當事者,道路型態大類別名稱,道路型態子類別名稱,事故位置大類別名稱,事故位置子類別名稱,路面狀況-路面鋪裝名稱,路面狀況-路面狀態名稱,路面狀況-路面缺陷名稱,道路障礙-障礙物名稱,道路障礙-視距品質名稱,道路障礙-視距名稱,號誌-號誌種類名稱,號誌-號誌動作名稱,車道劃分設施-分向設施大類別名稱,車道劃分設施-分向設施子類別名稱,車道劃分設施-分道設施-快車道或一般車道間名稱,車道劃分設施-分道設施-快慢車道間名稱,車道劃分設施-分道設施-路面邊線名稱,事故類型及型態大類別名稱,事故類型及型態子類別名稱,肇因研判大類別名稱-主要,肇因研判子類別名稱-主要,死亡受傷人數,當事者順位,當事者區分-類別-大類別名稱-車種,當事者區分-類別-子類別名稱-車種,當事者屬-性-別名稱,當事者事故發生時年齡,保護裝備名稱,行動電話或電腦或其他相類功能裝置名稱,當事者行動狀態大類別名稱,當事者行動狀態子類別名稱,車輛撞擊部位大類別名稱-最初,車輛撞擊部位子類別名稱-最初,車輛撞擊部位大類別名稱-其他,車輛撞擊部位子類別名稱-其他,肇因研判大類別名稱-個別,肇因研判子類別名稱-個別,肇事逃逸類別名稱-是否肇逃,經度,緯度
2018,7,20180730,190000,A1,高雄市政府警察局,高雄市大社區三民路 / 高雄市大社區三中路,晴,晨或暮光,市區道路,50,交岔路,三岔路,交叉路口,交叉路口內,柏油,乾燥,無缺陷,無障礙物,良好,良好,行車管制號誌,正常,無,無分向設施,未繪設車道線,未繪設快慢車道分隔線,無,車與車,其他,駕駛人,右轉彎未依規定,死亡1;受傷0,1,半聯結車,營業用,男,49,戴安全帽或繫安全帶(使用幼童安全椅),未使用,車的狀態,右轉彎,汽車,前車頭,汽車,前車頭,駕駛人,右轉彎未依規定,否,120.342700,22.730790
2018,7,20180730,190000,A1,高雄市政府警察局,高雄市大社區三民路 / 高雄市大社區三中路,晴,晨或暮光,市區道路,50,交岔路,三岔路,交叉路口,交叉路口內,柏油,乾燥,無缺陷,無障礙物,良好,良好,行車管制號誌,正常,無,無分向設施,未繪設車道線,未繪設快慢車道分隔線,無,車與車,其他,駕駛人,右轉彎未依規定,死亡1;受傷0,2,慢車,腳踏自行車,女,13,其他(行人、慢車駕駛人),非汽(機)車駕駛人,車的狀態,其他,其他,非汽(機)車,其他,非汽(機)車,無(車輛駕駛人因素),尚未發現肇事因素,否,120.342700,22.730790
2018,7,20180730,233000,A1,臺北市政府警察局,臺北市松山區健康路 / 臺北市松山區健康路,晴,夜間(或隧道、地下道、涵洞)有照明,市區道路,50,交岔路,四岔路,交叉路口,交叉路口內,柏油,乾燥,無缺陷,無障礙物,良好,良好,閃光號誌,正常,中央分向島,寛式(50公分以上),車道線(無標記),快慢車道分隔線,無,人與汽(機)車,穿越道路中,駕駛人,搶越行人穿越道,死亡1;受傷1,2,人,行人,男,85,其他(行人、慢車駕駛人),非汽(機)車駕駛人,人的狀態,步行,其他,非汽(機)車,其他,非汽(機)車,無(非車輛駕駛人因素),尚未發現肇事因素,否,121.557657,25.053777
2018,7,20180730,233000,A1,臺北市政府警察局,臺北市松山區健康路 / 臺北市松山區健康路,晴,夜間(或隧道、地下道、涵洞)有照明,市區道路,50,交岔路,四岔路,交叉路口,交叉路口內,柏油,乾燥,無缺陷,無障礙物,良好,良好,閃光號誌,正常,中央分向島,寛式(50公分以上),車道線(無標記),快慢車道分隔線,無,人與汽(機)車,穿越道路中,駕駛人,搶越行人穿越道,死亡1;受傷1,1,小貨車(含客、貨兩用),自用,男,35,戴安全帽或繫安全帶(使用幼童安全椅),未使用,車的狀態,向前直行中,汽車,前車頭,汽車,前車頭,駕駛人,搶越行人穿越道,否,121.557657,25.053777
2018,7,20180731,091800,A1,臺北市政府警察局,臺北市大同區鄭州路 / 臺北市大同區塔城街,晴,日間自然光線,市區道路,40,交岔路,四岔路,交叉路口,交叉路口內,柏油,乾燥,無缺陷,無障礙物,良好,良好,行車管制號誌,正常,中央分向島,寛式(50公分以上),車道線(無標記),未繪設快慢車道分隔線,無,車與車,路口交岔撞,駕駛人,違反號誌管制或指揮,死亡1;受傷0,2,機車,普通重型,男,33,戴安全帽或繫安全帶(使用幼童安全椅),未使用,車的狀態,向前直行中,機車,右側車身,機車,右側車身,其他,不明原因肇事,否,121.510532,25.050289
2018,7,20180731,091800,A1,臺北市政府警察局,臺北市大同區鄭州路 / 臺北市大同區塔城街,晴,日間自然光線,市區道路,40,交岔路,四岔路,交叉路口,交叉路口內,柏油,乾燥,無缺陷,無障礙物,良好,良好,行車管制號誌,正常,中央分向島,寛式(50公分以上),車道線(無標記),未繪設快慢車道分隔線,無,車與車,路口交岔撞,駕駛人,違反號誌管制或指揮,死亡1;受傷0,1,小客車,自用,女,71,戴安全帽或繫安全帶(使用幼童安全椅),未使用,車的狀態,向前直行中,汽車,前車頭,汽車,前車頭,駕駛人,違反號誌管制或指揮,否,121.510532,25.050289
2018,7,20180731,111300,A1,新北市政府警察局,新北市土城區擺接堡路 / 新北市土城區員福街,晴,日間自然光線,市區道路,50,交岔路,三岔路,交叉路口,交叉口附近,柏油,乾燥,無缺陷,無障礙物,良好,良好,行車管制號誌(附設行人專用號誌),正常,雙向禁止超車線,無標記,車道線(無標記),未繪設快慢車道分隔線,有,車與車,側撞,駕駛人,未注意車前狀態,死亡1;受傷1,1,機車,普通重型,女,18,戴安全帽或繫安全帶(使用幼童安全椅),未使用,車的狀態,向前直行中,機車,前車頭,機車,前車頭,駕駛人,未注意車前狀態,否,121.438912,24.981379
2018,7,20180731,111300,A1,新北市政府警察局,新北市土城區擺接堡路 / 新北市土城區員福街,晴,日間自然光線,市區道路,50,交岔路,三岔路,交叉路口,交叉口附近,柏油,乾燥,無缺陷,無障礙物,良好,良好,行車管制號誌(附設行人專用號誌),正常,雙向禁止超車線,無標記,車道線(無標記),未繪設快慢車道分隔線,有,車與車,側撞,駕駛人,未注意車前狀態,死亡1;受傷1,3,人,乘客,男,18,其他(行人、慢車駕駛人),非汽(機)車駕駛人,人的狀態,其他,其他,非汽(機)車,其他,非汽(機)車,無(非車輛駕駛人因素),尚未發現肇事因素,否,121.438912,24.981379
2018,7,20180731,111300,A1,新北市政府警察局,新北市土城區擺接堡路 / 新北市土城區員福街,晴,日間自然光線,市區道路,50,交岔路,三岔路,交叉路口,交叉口附近,柏油,乾燥,無缺陷,無障礙物,良好,良好,行車管制號誌(附設行人專用號誌),正常,雙向禁止超車線,無標記,車道線(無標記),未繪設快慢車道分隔線,有,車與車,側撞,駕駛人,未注意車前狀態,死亡1;受傷1,2,小貨車(含客、貨兩用),自用,男,44,戴安全帽或繫安全帶(使用幼童安全椅),未使用,車的狀態,向前直行中,汽車,左側車身,汽車,左側車身,無(車輛駕駛人因素),尚未發現肇事因素,否,121.438912,24.981379
2018,7,20180731,154500,A1,彰化縣警察局,彰化縣線西鄉寓埔村中華路 / 彰化縣線西鄉寓埔村中央路2段,晴,日間自然光線,村里道路,40,交岔路,四岔路,交叉路口,交叉路口內,柏油,乾燥,無缺陷,無障礙物,良好,良好,無號誌,無號誌,無,無分向設施,未繪設車道線,未繪設快慢車道分隔線,有,車與車,路口交岔撞,駕駛人,未依規定讓車,死亡1;受傷1,2,機車,普通重型,男,48,戴安全帽或繫安全帶(使用幼童安全椅),未使用,車的狀態,向前直行中,機車,前車頭,,,駕駛人,未注意車前狀態,否,120.455917,24.135338
2018,7,20180731,154500,A1,彰化縣警察局,彰化縣線西鄉寓埔村中華路 / 彰化縣線西鄉寓埔村中央路2段,晴,日間自然光線,村里道路,40,交岔路,四岔路,交叉路口,交叉路口內,柏油,乾燥,無缺陷,無障礙物,良好,良好,無號誌,無號誌,無,無分向設施,未繪設車道線,未繪設快慢車道分隔線,有,車與車,路口交岔撞,駕駛人,未依規定讓車,死亡1;受傷1,3,人,乘客,男,52,戴安全帽或繫安全帶(使用幼童安全椅),非汽(機)車駕駛人,人的狀態,其他,其他,不明,,,無(非車輛駕駛人因素),尚未發現肇事因素,否,120.455917,24.135338
2018,7,20180731,154500,A1,彰化縣警察局,彰化縣線西鄉寓埔村中華路 / 彰化縣線西鄉寓埔村中央路2段,晴,日間自然光線,村里道路,40,交岔路,四岔路,交叉路口,交叉路口內,柏油,乾燥,無缺陷,無障礙物,良好,良好,無號誌,無號誌,無,無分向設施,未繪設車道線,未繪設快慢車道分隔線,有,車與車,路口交岔撞,駕駛人,未依規定讓車,死亡1;受傷1,1,小貨車(含客、貨兩用),自用,男,44,戴安全帽或繫安全帶(使用幼童安全椅),未使用,車的狀態,向前直行中,汽車,右側車身,,,駕駛人,未依規定讓車,否,120.455917,24.135338
2018,7,20180731,190030,A1,花蓮縣警察局,花蓮縣鳳林鎮鳳信里中正路1段303號前0.0公尺口,晴,夜間(或隧道、地下道、涵洞)有照明,省道,60,單路部分,直路,路段,路肩、路緣,柏油,乾燥,無缺陷,無障礙物,良好,良好,無號誌,無號誌,中央分向島,寛式(50公分以上),車道線(附標記),快慢車道分隔線,有,汽(機)車本身,撞路樹、電桿,駕駛人,超速失控,死亡1;受傷0,2,,,無或物(動物、堆置物),-1,,,,,,,,,無(非車輛駕駛人因素),尚未發現肇事因素,否,121.444240,23.735633
2018,7,20180731,190030,A1,花蓮縣警察局,花蓮縣鳳林鎮鳳信里中正路1段303號前0.0公尺口,晴,夜間(或隧道、地下道、涵洞)有照明,省道,60,單路部分,直路,路段,路肩、路緣,柏油,乾燥,無缺陷,無障礙物,良好,良好,無號誌,無號誌,中央分向島,寛式(50公分以上),車道線(附標記),快慢車道分隔線,有,汽(機)車本身,撞路樹、電桿,駕駛人,超速失控,死亡1;受傷0,1,小客車,自用,女,41,不明,未使用,車的狀態,向前直行中,汽車,左側車身,,,駕駛人,超速失控,否,121.444240,23.735633
2018,7,20180731,190030,A1,花蓮縣警察局,花蓮縣鳳林鎮鳳信里中正路1段303號前0.0公尺口,晴,夜間(或隧道、地下道、涵洞)有照明,省道,60,單路部分,直路,路段,路肩、路緣,柏油,乾燥,無缺陷,無障礙物,良好,良好,無號誌,無號誌,中央分向島,寛式(50公分以上),車道線(附標記),快慢車道分隔線,有,汽(機)車本身,撞路樹、電桿,駕駛人,超速失控,死亡1;受傷0,3,小客車,自用,男,39,不明,未使用,車的狀態,靜止(引擎熄火),汽車,後車尾,,,無(車輛駕駛人因素),尚未發現肇事因素,否,121.444240,23.735633
2018,7,20180731,214000,A1,屏東縣政府警察局,屏東縣枋寮鄉中山路二段66號水底寮幹85R1號電桿前(千越加油站),晴,夜間(或隧道、地下道、涵洞)無照明,其他,40,單路部分,彎曲路及附近,路段,一般車道(未劃分快慢車道),柏油,乾燥,無缺陷,道路工事(程)中,良好,良好,無號誌,無號誌,無,無分向設施,未繪設車道線,未繪設快慢車道分隔線,無,汽(機)車本身,撞路樹、電桿,其他,其他引起事故之違規或不當行為,死亡1;受傷0,2,,,無或物(動物、堆置物),-1,,,,,,,,,無(非車輛駕駛人因素),尚未發現肇事因素,否,120.596541,22.380170
2018,7,20180731,214000,A1,屏東縣政府警察局,屏東縣枋寮鄉中山路二段66號水底寮幹85R1號電桿前(千越加油站),晴,夜間(或隧道、地下道、涵洞)無照明,其他,40,單路部分,彎曲路及附近,路段,一般車道(未劃分快慢車道),柏油,乾燥,無缺陷,道路工事(程)中,良好,良好,無號誌,無號誌,無,無分向設施,未繪設車道線,未繪設快慢車道分隔線,無,汽(機)車本身,撞路樹、電桿,其他,其他引起事故之違規或不當行為,死亡1;受傷0,3,機車,普通重型,男,18,不明,不明,車的狀態,向前直行中,其他,不明,,,其他,其他引起事故之違規或不當行為,否,120.596541,22.380170
2018,7,20180731,214000,A1,屏東縣政府警察局,屏東縣枋寮鄉中山路二段66號水底寮幹85R1號電桿前(千越加油站),晴,夜間(或隧道、地下道、涵洞)無照明,其他,40,單路部分,彎曲路及附近,路段,一般車道(未劃分快慢車道),柏油,乾燥,無缺陷,道路工事(程)中,良好,良好,無號誌,無號誌,無,無分向設施,未繪設車道線,未繪設快慢車道分隔線,無,汽(機)車本身,撞路樹、電桿,其他,其他引起事故之違規或不當行為,死亡1;受傷0,1,慢車,腳踏自行車,男,25,其他(行人、慢車駕駛人),非汽(機)車駕駛人,車的狀態,向前直行中,其他,非汽(機)車,,,其他,其他引起事故之違規或不當行為,否,120.596541,22.380170
2018,8,20180801,072200,A1,桃園市政府警察局,桃園市桃園區春日路752號前0.0公尺西側,晴,日間自然光線,市區道路,50,單路部分,直路,路段,一般車道(未劃分快慢車道),柏油,乾燥,無缺陷,無障礙物,良好,良好,無號誌,無號誌,中央分向島,寛式(50公分以上),車道線(無標記),未繪設快慢車道分隔線,有,車與車,同向擦撞,其他,其他引起事故之違規或不當行為,死亡1;受傷0,1,機車,普通重型,女,20,戴安全帽或繫安全帶(使用幼童安全椅),未使用,車的狀態,向前直行中,機車,左側車身,,,其他,其他引起事故之違規或不當行為,否,121.309900,25.012494
2018,8,20180801,072200,A1,桃園市政府警察局,桃園市桃園區春日路752號前0.0公尺西側,晴,日間自然光線,市區道路,50,單路部分,直路,路段,一般車道(未劃分快慢車道),柏油,乾燥,無缺陷,無障礙物,良好,良好,無號誌,無號誌,中央分向島,寛式(50公分以上),車道線(無標記),未繪設快慢車道分隔線,有,車與車,同向擦撞,其他,其他引起事故之違規或不當行為,死亡1;受傷0,2,曳引車,營業用,男,54,戴安全帽或繫安全帶(使用幼童安全椅),未使用,車的狀態,向前直行中,汽車,右側車身,,,無(車輛駕駛人因素),尚未發現肇事因素,否,121.309900,25.012494
2018,8,20180801,074010,A1,桃園市政府警察局,桃園市蘆竹區南山路1段194號前0.0公尺北側,晴,日間自然光線,市區道路,50,單路部分,直路,路段,一般車道(未劃分快慢車道),柏油,乾燥,無缺陷,無障礙物,良好,良好,無號誌,無號誌,中央分向島,寛式(50公分以上),車道線(無標記),未繪設快慢車道分隔線,有,車與車,追撞,駕駛人,爭(搶)道行駛,死亡1;受傷0,1,機車,普通重型,男,19,戴安全帽或繫安全帶(使用幼童安全椅),未使用,車的狀態,向前直行中,機車,前車頭,,,駕駛人,爭(搶)道行駛,否,121.291159,25.054469
2018,8,20180801,074010,A1,桃園市政府警察局,桃園市蘆竹區南山路1段194號前0.0公尺北側,晴,日間自然光線,市區道路,50,單路部分,直路,路段,一般車道(未劃分快慢車道),柏油,乾燥,無缺陷,無障礙物,良好,良好,無號誌,無號誌,中央分向島,寛式(50公分以上),車道線(無標記),未繪設快慢車道分隔線,有,車與車,追撞,駕駛人,爭(搶)道行駛,死亡1;受傷0,2,大貨車,自用,男,49,戴安全帽或繫安全帶(使用幼童安全椅),未使用,車的狀態,向前直行中,汽車,左後車尾(身),,,駕駛人,違反號誌管制或指揮,否,121.291159,25.054469
2018,8,20180801,074010,A1,桃園市政府警察局,桃園市蘆竹區南山路1段194號前0.0公尺北側,晴,日間自然光線,市區道路,50,單路部分,直路,路段,一般車道(未劃分快慢車道),柏油,乾燥,無缺陷,無障礙物,良好,良好,無號誌,無號誌,中央分向島,寛式(50公分以上),車道線(無標記),未繪設快慢車道分隔線,有,車與車,追撞,駕駛人,爭(搶)道行駛,死亡1;受傷0,3,小客車,自用,女,45,戴安全帽或繫安全帶(使用幼童安全椅),未使用,車的狀態,向前直行中,汽車,右後車尾(身),,,無(車輛駕駛人因素),尚未發現肇事因素,否,121.291159,25.054469
2018,8,20180801,080500,A1,桃園市政府警察局,桃園市八德區大興里榮興南路88巷口附近【T107080005】,晴,日間自然光線,市區道路,50,單路部分,彎曲路及附近,路段,一般車道(未劃分快慢車道),柏油,乾燥,無缺陷,無障礙物,良好,良好,無號誌,無號誌,雙向禁止超車線,無標記,禁止變換車道線(無標記),未繪設快慢車道分隔線,有,車與車,對撞,其他,其他引起事故之違規或不當行為,死亡1;受傷0,1,機車,普通重型,男,37,戴安全帽或繫安全帶(使用幼童安全椅),未使用,車的狀態,向前直行中,機車,左側車身,,,其他,其他引起事故之違規或不當行為,否,121.302828,24.947092
2018,8,20180801,080500,A1,桃園市政府警察局,桃園市八德區大興里榮興南路88巷口附近【T107080005】,晴,日間自然光線,市區道路,50,單路部分,彎曲路及附近,路段,一般車道(未劃分快慢車道),柏油,乾燥,無缺陷,無障礙物,良好,良好,無號誌,無號誌,雙向禁止超車線,無標記,禁止變換車道線(無標記),未繪設快慢車道分隔線,有,車與車,對撞,其他,其他引起事故之違規或不當行為,死亡1;受傷0,2,小貨車(含客、貨兩用),自用,男,51,戴安全帽或繫安全帶(使用幼童安全椅),未使用,車的狀態,向前直行中,汽車,左前車頭(身),,,無(車輛駕駛人因素),尚未發現肇事因素,否,121.302828,24.947092
2018,8,20180801,153600,A1,嘉義市政府警察局,嘉義市西區香湖里文化路103巷722弄10號前0.0公尺,晴,日間自然光線,市區道路,40,單路部分,彎曲路及附近,路段,一般車道(未劃分快慢車道),柏油,乾燥,無缺陷,無障礙物,良好,良好,無號誌,無號誌,無,無分向設施,未繪設車道線,未繪設快慢車道分隔線,無,車與車,對撞,駕駛人,未注意車前狀態,死亡1;受傷0,2,機車,普通重型,男,41,戴安全帽或繫安全帶(使用幼童安全椅),未使用,車的狀態,向前直行中,機車,左側車身,,,駕駛人,未注意車前狀態,否,120.446031,23.499368
2018,8,20180801,153600,A1,嘉義市政府警察局,嘉義市西區香湖里文化路103巷722弄10號前0.0公尺,晴,日間自然光線,市區道路,40,單路部分,彎曲路及附近,路段,一般車道(未劃分快慢車道),柏油,乾燥,無缺陷,無障礙物,良好,良好,無號誌,無號誌,無,無分向設施,未繪設車道線,未繪設快慢車道分隔線,無,車與車,對撞,駕駛人,未注意車前狀態,死亡1;受傷0,1,小貨車(含客、貨兩用),自用,男,50,戴安全帽或繫安全帶(使用幼童安全椅),未使用,車的狀態,向前直行中,汽車,前車頭,,,駕駛人,未注意車前狀態,否,120.446031,23.499368
2018,8,20180802,075021,A1,宜蘭縣政府警察局,宜蘭縣宜蘭市環市東路2段口 / 宜蘭縣宜蘭市七張路口,晴,日間自然光線,市區道路,50,交岔路,多岔路,交叉路口,交叉路口內,柏油,乾燥,無缺陷,無障礙物,良好,良好,行車管制號誌,正常,無,無分向設施,未繪設車道線,未繪設快慢車道分隔線,無,車與車,路口交岔撞,駕駛人,違反號誌管制或指揮,死亡1;受傷0,1,機車,普通重型,男,80,戴安全帽或繫安全帶(使用幼童安全椅),未使用,車的狀態,向前直行中,機車,右側車身,,,駕駛人,違反號誌管制或指揮,否,121.771199,24.764375
2018,8,20180802,075021,A1,宜蘭縣政府警察局,宜蘭縣宜蘭市環市東路2段口 / 宜蘭縣宜蘭市七張路口,晴,日間自然光線,市區道路,50,交岔路,多岔路,交叉路口,交叉路口內,柏油,乾燥,無缺陷,無障礙物,良好,良好,行車管制號誌,正常,無,無分向設施,未繪設車道線,未繪設快慢車道分隔線,無,車與車,路口交岔撞,駕駛人,違反號誌管制或指揮,死亡1;受傷0,2,小客車,自用,女,55,戴安全帽或繫安全帶(使用幼童安全椅),未使用,車的狀態,向前直行中,汽車,前車頭,,,無(車輛駕駛人因素),尚未發現肇事因素,否,121.771199,24.764375
2018,8,20180802,112406,A1,桃園市政府警察局,桃園市龜山區萬壽路一段與工興街口,晴,日間自然光線,市區道路,50,交岔路,四岔路,交叉路口,交叉口附近,柏油,乾燥,無缺陷,無障礙物,良好,良好,行車管制號誌,正常,中央分向島,寛式(50公分以上),禁止變換車道線(無標記),未繪設快慢車道分隔線,無,車與車,追撞,駕駛人,未注意車前狀態,死亡1;受傷0,1,機車,普通重型,男,60,戴安全帽或繫安全帶(使用幼童安全椅),未使用,車的狀態,向前直行中,機車,前車頭,,,駕駛人,未注意車前狀態,否,121.515235,25.012198
2018,8,20180802,112406,A1,桃園市政府警察局,桃園市龜山區萬壽路一段與工興街口,晴,日間自然光線,市區道路,50,交岔路,四岔路,交叉路口,交叉口附近,柏油,乾燥,無缺陷,無障礙物,良好,良好,行車管制號誌,正常,中央分向島,寛式(50公分以上),禁止變換車道線(無標記),未繪設快慢車道分隔線,無,車與車,追撞,駕駛人,未注意車前狀態,死亡1;受傷0,2,小貨車(含客、貨兩用),自用,男,49,戴安全帽或繫安全帶(使用幼童安全椅),未使用,車的狀態,等待(引擎未熄火),汽車,後車尾,,,無(車輛駕駛人因素),尚未發現肇事因素,否,121.515235,25.012198
2018,8,20180802,165044,A1,苗栗縣警察局,苗栗縣苑裡鎮舊社里6鄰德行路30號前,晴,日間自然光線,村里道路,50,交岔路,四岔路,交叉路口,交叉口附近,柏油,乾燥,無缺陷,無障礙物,良好,良好,無號誌,無號誌,行車分向線,無標記,車道線(無標記),未繪設快慢車道分隔線,有,車與車,側撞,駕駛人,未保持行車安全距離,死亡1;受傷0,1,大貨車,自用,男,55,戴安全帽或繫安全帶(使用幼童安全椅),未使用,車的狀態,向前直行中,汽車,右前車頭(身),,,駕駛人,未保持行車安全距離,否,120.685641,24.411959
2018,8,20180802,165044,A1,苗栗縣警察局,苗栗縣苑裡鎮舊社里6鄰德行路30號前,晴,日間自然光線,村里道路,50,交岔路,四岔路,交叉路口,交叉口附近,柏油,乾燥,無缺陷,無障礙物,良好,良好,無號誌,無號誌,行車分向線,無標記,車道線(無標記),未繪設快慢車道分隔線,有,車與車,側撞,駕駛人,未保持行車安全距離,死亡1;受傷0,2,慢車,微型電動二輪車,女,86,其他(行人、慢車駕駛人),非汽(機)車駕駛人,車的狀態,向左變換車道,其他,非汽(機)車,,,駕駛人,變換車道或方向不當,否,120.685641,24.411959
2018,8,20180802,175000,A1,宜蘭縣政府警察局,宜蘭縣五結鄉五結中路2段口 / 宜蘭縣五結鄉大吉三路口,晴,日間自然光線,鄉道,30,交岔路,四岔路,交叉路口,交叉路口內,柏油,乾燥,無缺陷,無障礙物,良好,良好,無號誌,無號誌,雙向禁止超車線,無標記,未繪設車道線,未繪設快慢車道分隔線,有,車與車,側撞,駕駛人,右轉彎未依規定,死亡1;受傷1,1,機車,普通重型,男,23,戴安全帽或繫安全帶(使用幼童安全椅),未使用,車的狀態,右轉彎,機車,右側車身,,,駕駛人,右轉彎未依規定,否,121.797222,24.694410
2018,8,20180802,175000,A1,宜蘭縣政府警察局,宜蘭縣五結鄉五結中路2段口 / 宜蘭縣五結鄉大吉三路口,晴,日間自然光線,鄉道,30,交岔路,四岔路,交叉路口,交叉路口內,柏油,乾燥,無缺陷,無障礙物,良好,良好,無號誌,無號誌,雙向禁止超車線,無標記,未繪設車道線,未繪設快慢車道分隔線,有,車與車,側撞,駕駛人,右轉彎未依規定,死亡1;受傷1,2,機車,普通重型,男,54,戴安全帽或繫安全帶(使用幼童安全椅),未使用,車的狀態,向前直行中,機車,左側車身,,,駕駛人,未注意車前狀態,否,121.797222,24.694410
2018,8,20180802,182500,A1,臺南市政府警察局,臺南市北區文成路口 / 臺南市北區育德一街,晴,夜間(或隧道、地下道、涵洞)有照明,市區道路,50,交岔路,四岔路,交叉路口,交叉路口內,柏油,乾燥,無缺陷,無障礙物,良好,良好,行車管制號誌,正常,無,無分向設施,未繪設車道線,未繪設快慢車道分隔線,無,車與車,追撞,駕駛人,未保持行車安全距離,死亡1;受傷1,3,人,乘客,女,4,不明,非汽(機)車駕駛人,人的狀態,其他,其他,非汽(機)車,,,無(非車輛駕駛人因素),尚未發現肇事因素,否,120.205109,23.013037
2018,8,20180802,182500,A1,臺南市政府警察局,臺南市北區文成路口 / 臺南市北區育德一街,晴,夜間(或隧道、地下道、涵洞)有照明,市區道路,50,交岔路,四岔路,交叉路口,交叉路口內,柏油,乾燥,無缺陷,無障礙物,良好,良好,行車管制號誌,正常,無,無分向設施,未繪設車道線,未繪設快慢車道分隔線,無,車與車,追撞,駕駛人,未保持行車安全距離,死亡1;受傷1,1,小客車,自用,男,25,戴安全帽或繫安全帶(使用幼童安全椅),未使用,車的狀態,向前直行中,汽車,前車頭,,,駕駛人,未保持行車安全距離,否,120.205109,23.013037
2018,8,20180802,182500,A1,臺南市政府警察局,臺南市北區文成路口 / 臺南市北區育德一街,晴,夜間(或隧道、地下道、涵洞)有照明,市區道路,50,交岔路,四岔路,交叉路口,交叉路口內,柏油,乾燥,無缺陷,無障礙物,良好,良好,行車管制號誌,正常,無,無分向設施,未繪設車道線,未繪設快慢車道分隔線,無,車與車,追撞,駕駛人,未保持行車安全距離,死亡1;受傷1,2,機車,普通重型,女,42,戴安全帽或繫安全帶(使用幼童安全椅),未使用,車的狀態,向前直行中,機車,後車尾,,,無(車輛駕駛人因素),尚未發現肇事因素,否,120.205109,23.013037
2018,8,20180803,053500,A1,桃園市政府警察局,桃園市桃園區大興路北側 / 桃園市桃園區大業路南側,晴,日間自然光線,市區道路,50,交岔路,四岔路,交叉路口,交叉路口內,柏油,乾燥,無缺陷,無障礙物,良好,良好,行車管制號誌(附設行人專用號誌),正常,無,無分向設施,未繪設車道線,未繪設快慢車道分隔線,無,車與車,側撞,駕駛人,未依規定讓車,死亡1;受傷0,1,小客車,自用,男,18,不明,不明,車的狀態,左轉彎,汽車,前車頭,,,駕駛人,未依規定讓車,否,121.311453,25.015704
2018,8,20180803,053500,A1,桃園市政府警察局,桃園市桃園區大興路北側 / 桃園市桃園區大業路南側,晴,日間自然光線,市區道路,50,交岔路,四岔路,交叉路口,交叉路口內,柏油,乾燥,無缺陷,無障礙物,良好,良好,行車管制號誌(附設行人專用號誌),正常,無,無分向設施,未繪設車道線,未繪設快慢車道分隔線,無,車與車,側撞,駕駛人,未依規定讓車,死亡1;受傷0,2,機車,普通重型,男,21,不明,不明,車的狀態,向前直行中,機車,前車頭,,,駕駛人,超速失控,否,121.311453,25.015704
2018,8,20180803,072953,A1,嘉義縣警察局,嘉義縣民雄鄉平和村嘉76線3.5K,晴,日間自然光線,鄉道,60,單路部分,直路,路段,一般車道(未劃分快慢車道),柏油,濕潤,無缺陷,無障礙物,良好,良好,無號誌,無號誌,行車分向線,無標記,未繪設車道線,未繪設快慢車道分隔線,有,汽(機)車本身,撞路樹、電桿,駕駛人,未注意車前狀態,死亡1;受傷0,2,,,無或物(動物、堆置物),-1,,,,,,,,,無(非車輛駕駛人因素),尚未發現肇事因素,否,120.392454,23.542330
2018,8,20180803,072953,A1,嘉義縣警察局,嘉義縣民雄鄉平和村嘉76線3.5K,晴,日間自然光線,鄉道,60,單路部分,直路,路段,一般車道(未劃分快慢車道),柏油,濕潤,無缺陷,無障礙物,良好,良好,無號誌,無號誌,行車分向線,無標記,未繪設車道線,未繪設快慢車道分隔線,有,汽(機)車本身,撞路樹、電桿,駕駛人,未注意車前狀態,死亡1;受傷0,1,小客車,自用,男,20,不明,不明,車的狀態,向前直行中,汽車,前車頭,,,駕駛人,未注意車前狀態,否,120.392454,23.542330
2018,8,20180803,161500,A1,基隆市警察局,基隆市安樂區北濱公路澳底橋,雨,日間自然光線,市區道路,50,單路部分,直路,路段,一般車道(未劃分快慢車道),柏油,濕潤,無缺陷,無障礙物,良好,良好,無號誌,無號誌,雙向禁止超車線,無標記,車道線(無標記),未繪設快慢車道分隔線,有,車與車,同向擦撞,駕駛人,違反特定標誌(線)禁制,死亡1;受傷1,1,小客車,自用,男,22,戴安全帽或繫安全帶(使用幼童安全椅),未使用,車的狀態,向前直行中,汽車,右後車尾(身),汽車,右後車尾(身),駕駛人,違反特定標誌(線)禁制,否,121.705497,25.166376
2018,8,20180803,161500,A1,基隆市警察局,基隆市安樂區北濱公路澳底橋,雨,日間自然光線,市區道路,50,單路部分,直路,路段,一般車道(未劃分快慢車道),柏油,濕潤,無缺陷,無障礙物,良好,良好,無號誌,無號誌,雙向禁止超車線,無標記,車道線(無標記),未繪設快慢車道分隔線,有,車與車,同向擦撞,駕駛人,違反特定標誌(線)禁制,死亡1;受傷1,2,小貨車(含客、貨兩用),自用,男,55,戴安全帽或繫安全帶(使用幼童安全椅),未使用,車的狀態,向前直行中,汽車,左前車頭(身),汽車,左前車頭(身),無(車輛駕駛人因素),尚未發現肇事因素,否,121.705497,25.166376