發生年度,發生月份,發生日期,發生時間,事故類別名稱,處理單位名稱警局層,發生地點,天候名稱,光線名稱,道路類別-第1當事者-名稱,速限-第1當事者,道路型態大類別名稱,道路型態子類別名稱,事故位置大類別名稱,事故位置子類別名稱,路面狀況-路面鋪裝名稱,路面狀況-路面狀態名稱,路面狀況-路面缺陷名稱,道路障礙-障礙物名稱,道路障礙-視距品質名稱,道路障礙-視距名稱,號誌-號誌種類名稱,號誌-號誌動作名稱,車道劃分設施-分向設施大類別名稱,車道劃分設施-分向設施子類別名稱,車道劃分設施-分道設施-快車道或一般車道間名稱,車道劃分設施-分道設施-快慢車道間名稱,車道劃分設施-分道設施-路面邊線名稱,事故類型及型態大類別名稱,事故類型及型態子類別名稱,肇因研判大類別名稱-主要,肇因研判子類別名稱-主要,死亡受傷人數,當事者順位,當事者區分-類別-大類別名稱-車種,當事者區分-類別-子類別名稱-車種,當事者屬-性-別名稱,當事者事故發生時年齡,保護裝備名稱,行動電話或電腦或其他相類功能裝置名稱,當事者行動狀態大類別名稱,當事者行動狀態子類別名稱,車輛撞擊部位大類別名稱-最初,車輛撞擊部位子類別名稱-最初,車輛撞擊部位大類別名稱-其他,車輛撞擊部位子類別名稱-其他,肇因研判大類別名稱-個別,肇因研判子類別名稱-個別,肇事逃逸類別名稱-是否肇逃,經度,緯度
2018,9,20180922,055500,A1,宜蘭縣政府警察局,宜蘭縣員山鄉隘界路前0.0公尺東側,晴,日間自然光線,省道,50,單路部分,彎曲路及附近,路段,一般車道(未劃分快慢車道),柏油,乾燥,無缺陷,無障礙物,不良,彎道,無號誌,無號誌,雙向禁止超車線,附標記,未繪設車道線,未繪設快慢車道分隔線,有,汽(機)車本身,路上翻車、摔倒,其他,不明原因肇事,死亡1;受傷0,2,,,無或物(動物、堆置物),-1,,,,,,,,,無(非車輛駕駛人因素),尚未發現肇事因素,否,121.662010,24.737629
2018,9,20180922,055500,A1,宜蘭縣政府警察局,宜蘭縣員山鄉隘界路前0.0公尺東側,晴,日間自然光線,省道,50,單路部分,彎曲路及附近,路段,一般車道(未劃分快慢車道),柏油,乾燥,無缺陷,無障礙物,不良,彎道,無號誌,無號誌,雙向禁止超車線,附標記,未繪設車道線,未繪設快慢車道分隔線,有,汽(機)車本身,路上翻車、摔倒,其他,不明原因肇事,死亡1;受傷0,1,慢車,腳踏自行車,男,28,其他(行人、慢車駕駛人),非汽(機)車駕駛人,車的狀態,向前直行中,其他,非汽(機)車,,,其他,不明原因肇事,否,121.662010,24.737629
2018,9,20180922,090956,A1,新竹市警察局,新竹市香山區南港街前0.0公尺,晴,日間自然光線,市區道路,40,單路部分,直路,路段,一般車道(未劃分快慢車道),柏油,乾燥,無缺陷,無障礙物,良好,良好,無號誌,無號誌,無,無分向設施,未繪設車道線,未繪設快慢車道分隔線,無,汽(機)車本身,衝出路外,駕駛人,未注意車前狀態,死亡1;受傷0,2,,,無或物(動物、堆置物),-1,,,,,,,,,無(非車輛駕駛人因素),尚未發現肇事因素,否,120.891739,24.737892
2018,9,20180922,090956,A1,新竹市警察局,新竹市香山區南港街前0.0公尺,晴,日間自然光線,市區道路,40,單路部分,直路,路段,一般車道(未劃分快慢車道),柏油,乾燥,無缺陷,無障礙物,良好,良好,無號誌,無號誌,無,無分向設施,未繪設車道線,未繪設快慢車道分隔線,無,汽(機)車本身,衝出路外,駕駛人,未注意車前狀態,死亡1;受傷0,1,機車,普通重型,男,38,戴安全帽或繫安全帶(使用幼童安全椅),不明,車的狀態,向前直行中,機車,前車頭,,,駕駛人,未注意車前狀態,否,120.891739,24.737892
2018,9,20180922,192500,A1,臺南市政府警察局,臺南市北門區玉港里南12線灰磘港126號前,晴,夜間(或隧道、地下道、涵洞)有照明,市區道路,40,單路部分,直路,路段,一般車道(未劃分快慢車道),柏油,乾燥,無缺陷,無障礙物,良好,良好,無號誌,無號誌,無,無分向設施,未繪設車道線,未繪設快慢車道分隔線,無,車與車,對向擦撞,駕駛人,酒醉(後)駕駛失控,死亡2;受傷1,2,機車,普通重型,男,54,戴安全帽或繫安全帶(使用幼童安全椅),不明,車的狀態,向前直行中,機車,前車頭,,,駕駛人,未靠右行駛,否,120.135043,23.262787
2018,9,20180922,192500,A1,臺南市政府警察局,臺南市北門區玉港里南12線灰磘港126號前,晴,夜間(或隧道、地下道、涵洞)有照明,市區道路,40,單路部分,直路,路段,一般車道(未劃分快慢車道),柏油,乾燥,無缺陷,無障礙物,良好,良好,無號誌,無號誌,無,無分向設施,未繪設車道線,未繪設快慢車道分隔線,無,車與車,對向擦撞,駕駛人,酒醉(後)駕駛失控,死亡2;受傷1,1,機車,普通重型,男,56,未戴案全帽或未繫安全帶(未使用幼童安全椅),不明,車的狀態,向前直行中,機車,前車頭,,,駕駛人,酒醉(後)駕駛失控,否,120.135043,23.262787
2018,9,20180922,192500,A1,臺南市政府警察局,臺南市北門區玉港里南12線灰磘港126號前,晴,夜間(或隧道、地下道、涵洞)有照明,市區道路,40,單路部分,直路,路段,一般車道(未劃分快慢車道),柏油,乾燥,無缺陷,無障礙物,良好,良好,無號誌,無號誌,無,無分向設施,未繪設車道線,未繪設快慢車道分隔線,無,車與車,對向擦撞,駕駛人,酒醉(後)駕駛失控,死亡2;受傷1,3,人,乘客,女,50,未戴案全帽或未繫安全帶(未使用幼童安全椅),非汽(機)車駕駛人,人的狀態,其他,其他,非汽(機)車,,,無(非車輛駕駛人因素),尚未發現肇事因素,否,120.135043,23.262787
2018,9,20180922,211000,A1,臺中市政府警察局,臺中市霧峰區四德里新埔路160巷前0.0公尺,晴,夜間(或隧道、地下道、涵洞)有照明,市區道路,40,單路部分,直路,其他,其他,柏油,乾燥,無缺陷,無障礙物,良好,良好,無號誌,無號誌,無,無分向設施,未繪設車道線,未繪設快慢車道分隔線,有,汽(機)車本身,撞路樹、電桿,駕駛人,酒醉(後)駕駛失控,死亡1;受傷0,2,,,無或物(動物、堆置物),0,,,,,,,,,無(非車輛駕駛人因素),尚未發現肇事因素,否,120.674286,24.074300
2018,9,20180922,211000,A1,臺中市政府警察局,臺中市霧峰區四德里新埔路160巷前0.0公尺,晴,夜間(或隧道、地下道、涵洞)有照明,市區道路,40,單路部分,直路,其他,其他,柏油,乾燥,無缺陷,無障礙物,良好,良好,無號誌,無號誌,無,無分向設施,未繪設車道線,未繪設快慢車道分隔線,有,汽(機)車本身,撞路樹、電桿,駕駛人,酒醉(後)駕駛失控,死亡1;受傷0,1,機車,普通重型,男,56,不明,不明,車的狀態,向前直行中,機車,前車頭,,,駕駛人,酒醉(後)駕駛失控,否,120.674286,24.074300
2018,9,20180923,053300,A1,臺北市政府警察局,臺北市大安區其他,晴,日間自然光線,其他,50,單路部分,其他,其他,其他,柏油,乾燥,無缺陷,無障礙物,良好,良好,無號誌,無號誌,中央分向島,寛式(50公分以上),車道線(無標記),快慢車道分隔線,無,車與車,其他,駕駛人,酒醉(後)駕駛失控,死亡1;受傷2,5,,,無或物(動物、堆置物),0,,,,,,,,,無(非車輛駕駛人因素),尚未發現肇事因素,否,121.540755,25.013976
2018,9,20180923,053300,A1,臺北市政府警察局,臺北市大安區其他,晴,日間自然光線,其他,50,單路部分,其他,其他,其他,柏油,乾燥,無缺陷,無障礙物,良好,良好,無號誌,無號誌,中央分向島,寛式(50公分以上),車道線(無標記),快慢車道分隔線,無,車與車,其他,駕駛人,酒醉(後)駕駛失控,死亡1;受傷2,13,,,無或物(動物、堆置物),0,,,,,,,,,無(非車輛駕駛人因素),尚未發現肇事因素,否,121.540755,25.013976
2018,9,20180923,053300,A1,臺北市政府警察局,臺北市大安區其他,晴,日間自然光線,其他,50,單路部分,其他,其他,其他,柏油,乾燥,無缺陷,無障礙物,良好,良好,無號誌,無號誌,中央分向島,寛式(50公分以上),車道線(無標記),快慢車道分隔線,無,車與車,其他,駕駛人,酒醉(後)駕駛失控,死亡1;受傷2,1,小客車,租賃車,男,23,不明,不明,車的狀態,向前直行中,汽車,前車頭,汽車,前車頭,駕駛人,酒醉(後)駕駛失控,否,121.540755,25.013976
2018,9,20180923,053300,A1,臺北市政府警察局,臺北市大安區其他,晴,日間自然光線,其他,50,單路部分,其他,其他,其他,柏油,乾燥,無缺陷,無障礙物,良好,良好,無號誌,無號誌,中央分向島,寛式(50公分以上),車道線(無標記),快慢車道分隔線,無,車與車,其他,駕駛人,酒醉(後)駕駛失控,死亡1;受傷2,6,機車,普通重型,女,67,不明,不明,車的狀態,其他,其他,不明,其他,不明,無(車輛駕駛人因素),尚未發現肇事因素,否,121.540755,25.013976
2018,9,20180923,053300,A1,臺北市政府警察局,臺北市大安區其他,晴,日間自然光線,其他,50,單路部分,其他,其他,其他,柏油,乾燥,無缺陷,無障礙物,良好,良好,無號誌,無號誌,中央分向島,寛式(50公分以上),車道線(無標記),快慢車道分隔線,無,車與車,其他,駕駛人,酒醉(後)駕駛失控,死亡1;受傷2,7,機車,普通重型,男,56,不明,不明,人的狀態,不明,其他,不明,其他,不明,無(車輛駕駛人因素),尚未發現肇事因素,否,121.540755,25.013976
2018,9,20180923,053300,A1,臺北市政府警察局,臺北市大安區其他,晴,日間自然光線,其他,50,單路部分,其他,其他,其他,柏油,乾燥,無缺陷,無障礙物,良好,良好,無號誌,無號誌,中央分向島,寛式(50公分以上),車道線(無標記),快慢車道分隔線,無,車與車,其他,駕駛人,酒醉(後)駕駛失控,死亡1;受傷2,8,機車,普通重型,男,49,不明,不明,人的狀態,不明,其他,不明,其他,不明,無(車輛駕駛人因素),尚未發現肇事因素,否,121.540755,25.013976
2018,9,20180923,053300,A1,臺北市政府警察局,臺北市大安區其他,晴,日間自然光線,其他,50,單路部分,其他,其他,其他,柏油,乾燥,無缺陷,無障礙物,良好,良好,無號誌,無號誌,中央分向島,寛式(50公分以上),車道線(無標記),快慢車道分隔線,無,車與車,其他,駕駛人,酒醉(後)駕駛失控,死亡1;受傷2,9,機車,普通重型,男,28,不明,不明,人的狀態,不明,其他,不明,其他,不明,無(車輛駕駛人因素),尚未發現肇事因素,否,121.540755,25.013976
2018,9,20180923,053300,A1,臺北市政府警察局,臺北市大安區其他,晴,日間自然光線,其他,50,單路部分,其他,其他,其他,柏油,乾燥,無缺陷,無障礙物,良好,良好,無號誌,無號誌,中央分向島,寛式(50公分以上),車道線(無標記),快慢車道分隔線,無,車與車,其他,駕駛人,酒醉(後)駕駛失控,死亡1;受傷2,10,機車,普通重型,男,28,不明,不明,人的狀態,不明,其他,不明,其他,不明,無(車輛駕駛人因素),尚未發現肇事因素,否,121.540755,25.013976
2018,9,20180923,053300,A1,臺北市政府警察局,臺北市大安區其他,晴,日間自然光線,其他,50,單路部分,其他,其他,其他,柏油,乾燥,無缺陷,無障礙物,良好,良好,無號誌,無號誌,中央分向島,寛式(50公分以上),車道線(無標記),快慢車道分隔線,無,車與車,其他,駕駛人,酒醉(後)駕駛失控,死亡1;受傷2,11,機車,普通重型,女,50,不明,不明,人的狀態,不明,其他,不明,其他,不明,無(車輛駕駛人因素),尚未發現肇事因素,否,121.540755,25.013976
2018,9,20180923,053300,A1,臺北市政府警察局,臺北市大安區其他,晴,日間自然光線,其他,50,單路部分,其他,其他,其他,柏油,乾燥,無缺陷,無障礙物,良好,良好,無號誌,無號誌,中央分向島,寛式(50公分以上),車道線(無標記),快慢車道分隔線,無,車與車,其他,駕駛人,酒醉(後)駕駛失控,死亡1;受傷2,12,機車,普通輕型,女,24,不明,不明,人的狀態,不明,其他,不明,其他,不明,無(車輛駕駛人因素),尚未發現肇事因素,否,121.540755,25.013976
2018,9,20180923,053300,A1,臺北市政府警察局,臺北市大安區其他,晴,日間自然光線,其他,50,單路部分,其他,其他,其他,柏油,乾燥,無缺陷,無障礙物,良好,良好,無號誌,無號誌,中央分向島,寛式(50公分以上),車道線(無標記),快慢車道分隔線,無,車與車,其他,駕駛人,酒醉(後)駕駛失控,死亡1;受傷2,4,機車,普通重型,女,25,不明,不明,車的狀態,向前直行中,其他,不明,其他,不明,無(車輛駕駛人因素),尚未發現肇事因素,否,121.540755,25.013976
2018,9,20180923,053300,A1,臺北市政府警察局,臺北市大安區其他,晴,日間自然光線,其他,50,單路部分,其他,其他,其他,柏油,乾燥,無缺陷,無障礙物,良好,良好,無號誌,無號誌,中央分向島,寛式(50公分以上),車道線(無標記),快慢車道分隔線,無,車與車,其他,駕駛人,酒醉(後)駕駛失控,死亡1;受傷2,2,機車,普通重型,女,45,戴安全帽或繫安全帶(使用幼童安全椅),不明,車的狀態,向前直行中,機車,後車尾,機車,後車尾,無(車輛駕駛人因素),尚未發現肇事因素,否,121.540755,25.013976
2018,9,20180923,053300,A1,臺北市政府警察局,臺北市大安區其他,晴,日間自然光線,其他,50,單路部分,其他,其他,其他,柏油,乾燥,無缺陷,無障礙物,良好,良好,無號誌,無號誌,中央分向島,寛式(50公分以上),車道線(無標記),快慢車道分隔線,無,車與車,其他,駕駛人,酒醉(後)駕駛失控,死亡1;受傷2,3,機車,普通重型,女,48,戴安全帽或繫安全帶(使用幼童安全椅),不明,車的狀態,向前直行中,機車,後車尾,機車,後車尾,無(車輛駕駛人因素),尚未發現肇事因素,否,121.540755,25.013976
2018,9,20180923,084300,A1,屏東縣政府警察局,屏東縣枋山鄉台1線 442公里600.0公尺處南側向內側,晴,日間自然光線,省道,40,交岔路,三岔路,交叉路口,交叉路口內,柏油,乾燥,無缺陷,無障礙物,良好,良好,閃光號誌,正常,中央分向島,寛式(50公分以上),禁止變換車道線(附標記),快慢車道分隔線,有,車與車,其他,駕駛人,橫越道路不慎,死亡1;受傷0,1,機車,普通重型,男,71,不明,不明,車的狀態,迴轉或橫越道路中,機車,左側車身,,,駕駛人,橫越道路不慎,否,120.614187,22.337545
2018,9,20180923,084300,A1,屏東縣政府警察局,屏東縣枋山鄉台1線 442公里600.0公尺處南側向內側,晴,日間自然光線,省道,40,交岔路,三岔路,交叉路口,交叉路口內,柏油,乾燥,無缺陷,無障礙物,良好,良好,閃光號誌,正常,中央分向島,寛式(50公分以上),禁止變換車道線(附標記),快慢車道分隔線,有,車與車,其他,駕駛人,橫越道路不慎,死亡1;受傷0,2,小貨車(含客、貨兩用),自用,男,48,未戴案全帽或未繫安全帶(未使用幼童安全椅),不明,車的狀態,向前直行中,汽車,前車頭,,,駕駛人,未注意車前狀態,否,120.614187,22.337545
2018,9,20180923,084300,A1,屏東縣政府警察局,屏東縣枋山鄉台1線 442公里600.0公尺處南側向內側,晴,日間自然光線,省道,40,交岔路,三岔路,交叉路口,交叉路口內,柏油,乾燥,無缺陷,無障礙物,良好,良好,閃光號誌,正常,中央分向島,寛式(50公分以上),禁止變換車道線(附標記),快慢車道分隔線,有,車與車,其他,駕駛人,橫越道路不慎,死亡1;受傷0,3,小客車,自用,女,29,未戴案全帽或未繫安全帶(未使用幼童安全椅),不明,車的狀態,向前直行中,汽車,左前車頭(身),,,無(車輛駕駛人因素),尚未發現肇事因素,否,120.614187,22.337545
2018,9,20180923,234000,A1,臺中市政府警察局,臺中市大肚區頂街里萬興路98號前0.0公尺,晴,夜間(或隧道、地下道、涵洞)有照明,市區道路,50,單路部分,直路,路段,一般車道(未劃分快慢車道),柏油,乾燥,無缺陷,無障礙物,良好,良好,無號誌,無號誌,雙向禁止超車線,無標記,未繪設車道線,未繪設快慢車道分隔線,有,車與車,對撞,駕駛人,違反特定標誌(線)禁制,死亡1;受傷2,1,小客車,自用,男,25,戴安全帽或繫安全帶(使用幼童安全椅),未使用,車的狀態,向前直行中,汽車,前車頭,,,駕駛人,違反特定標誌(線)禁制,否,120.536240,24.167438
2018,9,20180923,234000,A1,臺中市政府警察局,臺中市大肚區頂街里萬興路98號前0.0公尺,晴,夜間(或隧道、地下道、涵洞)有照明,市區道路,50,單路部分,直路,路段,一般車道(未劃分快慢車道),柏油,乾燥,無缺陷,無障礙物,良好,良好,無號誌,無號誌,雙向禁止超車線,無標記,未繪設車道線,未繪設快慢車道分隔線,有,車與車,對撞,駕駛人,違反特定標誌(線)禁制,死亡1;受傷2,2,機車,普通重型,男,20,戴安全帽或繫安全帶(使用幼童安全椅),未使用,車的狀態,向前直行中,機車,前車頭,,,無(車輛駕駛人因素),尚未發現肇事因素,否,120.536240,24.167438
2018,9,20180923,234000,A1,臺中市政府警察局,臺中市大肚區頂街里萬興路98號前0.0公尺,晴,夜間(或隧道、地下道、涵洞)有照明,市區道路,50,單路部分,直路,路段,一般車道(未劃分快慢車道),柏油,乾燥,無缺陷,無障礙物,良好,良好,無號誌,無號誌,雙向禁止超車線,無標記,未繪設車道線,未繪設快慢車道分隔線,有,車與車,對撞,駕駛人,違反特定標誌(線)禁制,死亡1;受傷2,3,機車,普通重型,女,23,戴安全帽或繫安全帶(使用幼童安全椅),未使用,車的狀態,向前直行中,機車,前車頭,,,無(車輛駕駛人因素),尚未發現肇事因素,否,120.536240,24.167438
2018,9,20180923,234003,A1,臺南市政府警察局,臺南市麻豆區縣176線 25公里100.0公尺處東側向路肩,晴,夜間(或隧道、地下道、涵洞)有照明,市區道路,60,單路部分,直路,路段,路肩、路緣,柏油,乾燥,無缺陷,無障礙物,良好,良好,無號誌,無號誌,行車分向線,附標記,未繪設車道線,快慢車道分隔線,有,汽(機)車本身,撞路樹、電桿,其他,不明原因肇事,死亡1;受傷0,2,,,無或物(動物、堆置物),-1,,,,,,,,,無(非車輛駕駛人因素),尚未發現肇事因素,否,120.288154,23.198739
2018,9,20180923,234003,A1,臺南市政府警察局,臺南市麻豆區縣176線 25公里100.0公尺處東側向路肩,晴,夜間(或隧道、地下道、涵洞)有照明,市區道路,60,單路部分,直路,路段,路肩、路緣,柏油,乾燥,無缺陷,無障礙物,良好,良好,無號誌,無號誌,行車分向線,附標記,未繪設車道線,快慢車道分隔線,有,汽(機)車本身,撞路樹、電桿,其他,不明原因肇事,死亡1;受傷0,1,慢車,微型電動二輪車,男,27,其他(行人、慢車駕駛人),非汽(機)車駕駛人,人的狀態,不明,其他,非汽(機)車,,,其他,不明原因肇事,否,120.288154,23.198739
2018,9,20180924,045511,A1,桃園市政府警察局,桃園市龜山區大同路(愛彌兒幼兒園旁),晴,夜間(或隧道、地下道、涵洞)有照明,市區道路,50,單路部分,直路,路段,機車專用道,柏油,乾燥,無缺陷,無障礙物,良好,良好,無號誌,無號誌,雙向禁止超車線,無標記,車道線(無標記),快慢車道分隔線,無,人與汽(機)車,同向通行中,行人(或乘客),未依規定行走行人穿越道、地下道、天橋而穿越道路,死亡1;受傷1,2,機車,普通重型,男,56,戴安全帽或繫安全帶(使用幼童安全椅),未使用,車的狀態,向前直行中,機車,前車頭,,,駕駛人,未注意車前狀態,否,121.339877,24.996062
2018,9,20180924,045511,A1,桃園市政府警察局,桃園市龜山區大同路(愛彌兒幼兒園旁),晴,夜間(或隧道、地下道、涵洞)有照明,市區道路,50,單路部分,直路,路段,機車專用道,柏油,乾燥,無缺陷,無障礙物,良好,良好,無號誌,無號誌,雙向禁止超車線,無標記,車道線(無標記),快慢車道分隔線,無,人與汽(機)車,同向通行中,行人(或乘客),未依規定行走行人穿越道、地下道、天橋而穿越道路,死亡1;受傷1,1,人,行人,女,76,其他(行人、慢車駕駛人),非汽(機)車駕駛人,人的狀態,步行,其他,非汽(機)車,,,行人(或乘客),未依規定行走行人穿越道、地下道、天橋而穿越道路,否,121.339877,24.996062
2018,9,20180924,133847,A1,新竹縣政府警察局,新竹縣尖石鄉新樂村竹120縣道34.2公里處,雨,日間自然光線,縣道,50,單路部分,彎曲路及附近,路段,一般車道(未劃分快慢車道),柏油,濕潤,無缺陷,無障礙物,良好,良好,無號誌,無號誌,無,無分向設施,未繪設車道線,未繪設快慢車道分隔線,有,車與車,對向擦撞,其他,其他引起事故之違規或不當行為,死亡1;受傷0,2,小客車,自用,男,42,戴安全帽或繫安全帶(使用幼童安全椅),未使用,車的狀態,向前直行中,汽車,左前車頭(身),,,駕駛人,未靠右行駛,否,121.212928,24.718294
2018,9,20180924,133847,A1,新竹縣政府警察局,新竹縣尖石鄉新樂村竹120縣道34.2公里處,雨,日間自然光線,縣道,50,單路部分,彎曲路及附近,路段,一般車道(未劃分快慢車道),柏油,濕潤,無缺陷,無障礙物,良好,良好,無號誌,無號誌,無,無分向設施,未繪設車道線,未繪設快慢車道分隔線,有,車與車,對向擦撞,其他,其他引起事故之違規或不當行為,死亡1;受傷0,1,機車,普通重型,男,15,戴安全帽或繫安全帶(使用幼童安全椅),未使用,車的狀態,向前直行中,機車,前車頭,,,其他,其他引起事故之違規或不當行為,否,121.212928,24.718294
2018,9,20180924,154340,A1,新竹縣政府警察局,新竹縣新豐鄉竹6線與中崙產業道路路口,晴,日間自然光線,村里道路,50,交岔路,四岔路,交叉路口,交叉路口內,柏油,乾燥,無缺陷,無障礙物,良好,良好,閃光號誌,正常,雙向禁止超車線,無標記,未繪設車道線,未繪設快慢車道分隔線,有,車與車,路口交岔撞,駕駛人,未依規定讓車,死亡1;受傷1,2,機車,普通重型,男,22,戴安全帽或繫安全帶(使用幼童安全椅),未使用,車的狀態,向前直行中,機車,前車頭,機車,前車頭,駕駛人,未注意車前狀態,否,121.006997,24.894513
2018,9,20180924,154340,A1,新竹縣政府警察局,新竹縣新豐鄉竹6線與中崙產業道路路口,晴,日間自然光線,村里道路,50,交岔路,四岔路,交叉路口,交叉路口內,柏油,乾燥,無缺陷,無障礙物,良好,良好,閃光號誌,正常,雙向禁止超車線,無標記,未繪設車道線,未繪設快慢車道分隔線,有,車與車,路口交岔撞,駕駛人,未依規定讓車,死亡1;受傷1,1,機車,普通重型,男,74,戴安全帽或繫安全帶(使用幼童安全椅),未使用,車的狀態,向前直行中,機車,左側車身,機車,左側車身,駕駛人,未依規定讓車,否,121.006997,24.894513
2018,9,20180924,212400,A1,鐵路警察局,屏東縣崁頂鄉屏東線 43.0公里388.0公尺旗官路平交道,晴,夜間(或隧道、地下道、涵洞)有照明,其他,15,平交道,有遮斷器,其他,其他,其他鋪裝,乾燥,無缺陷,無障礙物,良好,良好,閃光號誌,正常,無,無分向設施,未繪設車道線,未繪設快慢車道分隔線,無,平交道事故,衝過(或撞壞)遮斷器,駕駛人,搶(闖)越平交道,死亡1;受傷0,2,其他車,火車,男,38,不明,不明,車的狀態,急減速或急停止,汽車,右前車頭(身),,,無(車輛駕駛人因素),尚未發現肇事因素,否,120.522891,22.521577
2018,9,20180924,212400,A1,鐵路警察局,屏東縣崁頂鄉屏東線 43.0公里388.0公尺旗官路平交道,晴,夜間(或隧道、地下道、涵洞)有照明,其他,15,平交道,有遮斷器,其他,其他,其他鋪裝,乾燥,無缺陷,無障礙物,良好,良好,閃光號誌,正常,無,無分向設施,未繪設車道線,未繪設快慢車道分隔線,無,平交道事故,衝過(或撞壞)遮斷器,駕駛人,搶(闖)越平交道,死亡1;受傷0,1,機車,普通重型,男,43,戴安全帽或繫安全帶(使用幼童安全椅),未使用,車的狀態,向前直行中,機車,左側車身,,,駕駛人,搶(闖)越平交道,否,120.522891,22.521577
2018,9,20180925,012800,A1,臺南市政府警察局,臺南市安平區安平路124號前0.0公尺,晴,夜間(或隧道、地下道、涵洞)有照明,市區道路,50,交岔路,三岔路,交叉路口,交叉口附近,柏油,乾燥,無缺陷,無障礙物,良好,良好,閃光號誌,正常,雙向禁止超車線,附標記,車道線(無標記),快慢車道分隔線,有,車與車,其他,其他,不明原因肇事,死亡1;受傷5,3,機車,普通重型,男,17,戴安全帽或繫安全帶(使用幼童安全椅),未使用,車的狀態,向前直行中,其他,不明,,,其他,不明原因肇事,否,120.183495,22.998230
2018,9,20180925,012800,A1,臺南市政府警察局,臺南市安平區安平路124號前0.0公尺,晴,夜間(或隧道、地下道、涵洞)有照明,市區道路,50,交岔路,三岔路,交叉路口,交叉口附近,柏油,乾燥,無缺陷,無障礙物,良好,良好,閃光號誌,正常,雙向禁止超車線,附標記,車道線(無標記),快慢車道分隔線,有,車與車,其他,其他,不明原因肇事,死亡1;受傷5,4,機車,普通重型,男,17,戴安全帽或繫安全帶(使用幼童安全椅),未使用,車的狀態,向前直行中,其他,不明,,,其他,不明原因肇事,否,120.183495,22.998230
2018,9,20180925,012800,A1,臺南市政府警察局,臺南市安平區安平路124號前0.0公尺,晴,夜間(或隧道、地下道、涵洞)有照明,市區道路,50,交岔路,三岔路,交叉路口,交叉口附近,柏油,乾燥,無缺陷,無障礙物,良好,良好,閃光號誌,正常,雙向禁止超車線,附標記,車道線(無標記),快慢車道分隔線,有,車與車,其他,其他,不明原因肇事,死亡1;受傷5,5,機車,普通重型,男,17,戴安全帽或繫安全帶(使用幼童安全椅),未使用,車的狀態,其他,其他,不明,其他,不明,其他,不明原因肇事,否,120.183495,22.998230
2018,9,20180925,012800,A1,臺南市政府警察局,臺南市安平區安平路124號前0.0公尺,晴,夜間(或隧道、地下道、涵洞)有照明,市區道路,50,交岔路,三岔路,交叉路口,交叉口附近,柏油,乾燥,無缺陷,無障礙物,良好,良好,閃光號誌,正常,雙向禁止超車線,附標記,車道線(無標記),快慢車道分隔線,有,車與車,其他,其他,不明原因肇事,死亡1;受傷5,6,機車,普通重型,男,16,戴安全帽或繫安全帶(使用幼童安全椅),未使用,車的狀態,其他,其他,不明,其他,不明,其他,不明原因肇事,否,120.183495,22.998230
2018,9,20180925,012800,A1,臺南市政府警察局,臺南市安平區安平路124號前0.0公尺,晴,夜間(或隧道、地下道、涵洞)有照明,市區道路,50,交岔路,三岔路,交叉路口,交叉口附近,柏油,乾燥,無缺陷,無障礙物,良好,良好,閃光號誌,正常,雙向禁止超車線,附標記,車道線(無標記),快慢車道分隔線,有,車與車,其他,其他,不明原因肇事,死亡1;受傷5,1,機車,普通重型,男,21,戴安全帽或繫安全帶(使用幼童安全椅),未使用,車的狀態,向前直行中,其他,不明,其他,不明,其他,不明原因肇事,否,120.183495,22.998230
2018,9,20180925,012800,A1,臺南市政府警察局,臺南市安平區安平路124號前0.0公尺,晴,夜間(或隧道、地下道、涵洞)有照明,市區道路,50,交岔路,三岔路,交叉路口,交叉口附近,柏油,乾燥,無缺陷,無障礙物,良好,良好,閃光號誌,正常,雙向禁止超車線,附標記,車道線(無標記),快慢車道分隔線,有,車與車,其他,其他,不明原因肇事,死亡1;受傷5,2,機車,普通重型,男,17,戴安全帽或繫安全帶(使用幼童安全椅),未使用,車的狀態,向前直行中,其他,不明,其他,不明,其他,不明原因肇事,否,120.183495,22.998230
2018,9,20180925,013300,A1,臺中市政府警察局,臺中市南屯區永定里永春東七路前0.0公尺,晴,夜間(或隧道、地下道、涵洞)有照明,市區道路,50,交岔路,四岔路,交叉路口,交叉路口內,柏油,乾燥,無缺陷,無障礙物,良好,良好,行車管制號誌,正常,行車分向線,無標記,車道線(無標記),快慢車道分隔線,無,車與車,路口交岔撞,駕駛人,違反號誌管制或指揮,死亡1;受傷2,1,機車,普通重型,男,20,戴安全帽或繫安全帶(使用幼童安全椅),未使用,車的狀態,向前直行中,機車,前車頭,,,駕駛人,違反號誌管制或指揮,否,120.633875,24.141415
2018,9,20180925,013300,A1,臺中市政府警察局,臺中市南屯區永定里永春東七路前0.0公尺,晴,夜間(或隧道、地下道、涵洞)有照明,市區道路,50,交岔路,四岔路,交叉路口,交叉路口內,柏油,乾燥,無缺陷,無障礙物,良好,良好,行車管制號誌,正常,行車分向線,無標記,車道線(無標記),快慢車道分隔線,無,車與車,路口交岔撞,駕駛人,違反號誌管制或指揮,死亡1;受傷2,2,機車,普通重型,男,18,戴安全帽或繫安全帶(使用幼童安全椅),未使用,車的狀態,向前直行中,機車,左側車身,機車,前車頭,其他,不明原因肇事,否,120.633875,24.141415