發生年度,發生月份,發生日期,發生時間,事故類別名稱,處理單位名稱警局層,發生地點,天候名稱,光線名稱,道路類別-第1當事者-名稱,速限-第1當事者,道路型態大類別名稱,道路型態子類別名稱,事故位置大類別名稱,事故位置子類別名稱,路面狀況-路面鋪裝名稱,路面狀況-路面狀態名稱,路面狀況-路面缺陷名稱,道路障礙-障礙物名稱,道路障礙-視距品質名稱,道路障礙-視距名稱,號誌-號誌種類名稱,號誌-號誌動作名稱,車道劃分設施-分向設施大類別名稱,車道劃分設施-分向設施子類別名稱,車道劃分設施-分道設施-快車道或一般車道間名稱,車道劃分設施-分道設施-快慢車道間名稱,車道劃分設施-分道設施-路面邊線名稱,事故類型及型態大類別名稱,事故類型及型態子類別名稱,肇因研判大類別名稱-主要,肇因研判子類別名稱-主要,死亡受傷人數,當事者順位,當事者區分-類別-大類別名稱-車種,當事者區分-類別-子類別名稱-車種,當事者屬-性-別名稱,當事者事故發生時年齡,保護裝備名稱,行動電話或電腦或其他相類功能裝置名稱,當事者行動狀態大類別名稱,當事者行動狀態子類別名稱,車輛撞擊部位大類別名稱-最初,車輛撞擊部位子類別名稱-最初,車輛撞擊部位大類別名稱-其他,車輛撞擊部位子類別名稱-其他,肇因研判大類別名稱-個別,肇因研判子類別名稱-個別,肇事逃逸類別名稱-是否肇逃,經度,緯度
2018,11,20181112,130500,A1,高雄市政府警察局,高雄市路竹區里順安路 / 高雄市路竹區新興路,晴,日間自然光線,市區道路,50,交岔路,四岔路,交叉路口,交叉路口內,柏油,乾燥,無缺陷,無障礙物,良好,良好,行車管制號誌,正常,雙向禁止超車線,無標記,車道線(無標記),快慢車道分隔線,有,車與車,側撞,駕駛人,右轉彎未依規定,死亡1;受傷1,1,大貨車,自用,男,36,戴安全帽或繫安全帶(使用幼童安全椅),未使用,車的狀態,右轉彎,汽車,右前車頭(身),汽車,右前車頭(身),駕駛人,右轉彎未依規定,否,120.241100,22.840350
2018,11,20181112,130500,A1,高雄市政府警察局,高雄市路竹區里順安路 / 高雄市路竹區新興路,晴,日間自然光線,市區道路,50,交岔路,四岔路,交叉路口,交叉路口內,柏油,乾燥,無缺陷,無障礙物,良好,良好,行車管制號誌,正常,雙向禁止超車線,無標記,車道線(無標記),快慢車道分隔線,有,車與車,側撞,駕駛人,右轉彎未依規定,死亡1;受傷1,2,機車,普通重型,男,67,戴安全帽或繫安全帶(使用幼童安全椅),未使用,車的狀態,向前直行中,機車,左側車身,機車,左側車身,無(車輛駕駛人因素),尚未發現肇事因素,否,120.241100,22.840350
2018,11,20181112,130500,A1,高雄市政府警察局,高雄市路竹區里順安路 / 高雄市路竹區新興路,晴,日間自然光線,市區道路,50,交岔路,四岔路,交叉路口,交叉路口內,柏油,乾燥,無缺陷,無障礙物,良好,良好,行車管制號誌,正常,雙向禁止超車線,無標記,車道線(無標記),快慢車道分隔線,有,車與車,側撞,駕駛人,右轉彎未依規定,死亡1;受傷1,3,機車,普通重型,男,65,戴安全帽或繫安全帶(使用幼童安全椅),未使用,車的狀態,等待(引擎未熄火),機車,左側車身,機車,左側車身,無(車輛駕駛人因素),尚未發現肇事因素,否,120.241100,22.840350
2018,11,20181112,143500,A1,彰化縣警察局,彰化縣芳苑鄉漢寶村草漢路漢寶段610弄前0.0公尺,晴,日間自然光線,村里道路,50,交岔路,四岔路,路段,一般車道(未劃分快慢車道),柏油,乾燥,無缺陷,無障礙物,良好,良好,閃光號誌,正常,雙向禁止超車線,無標記,未繪設車道線,未繪設快慢車道分隔線,無,車與車,側撞,駕駛人,未依規定讓車,死亡1;受傷0,2,大貨車,自用,男,63,不明,不明,車的狀態,向前直行中,汽車,前車頭,汽車,前車頭,駕駛人,未依規定減速,否,120.385956,24.008960
2018,11,20181112,143500,A1,彰化縣警察局,彰化縣芳苑鄉漢寶村草漢路漢寶段610弄前0.0公尺,晴,日間自然光線,村里道路,50,交岔路,四岔路,路段,一般車道(未劃分快慢車道),柏油,乾燥,無缺陷,無障礙物,良好,良好,閃光號誌,正常,雙向禁止超車線,無標記,未繪設車道線,未繪設快慢車道分隔線,無,車與車,側撞,駕駛人,未依規定讓車,死亡1;受傷0,1,機車,普通重型,男,42,不明,不明,車的狀態,左轉彎,機車,左側車身,機車,左側車身,駕駛人,未依規定讓車,否,120.385956,24.008960
2018,11,20181112,144459,A1,屏東縣政府警察局,屏東縣新園鄉平和路西側 / 屏東縣新園鄉新南路南側,晴,日間自然光線,村里道路,50,交岔路,四岔路,交叉路口,交叉路口內,柏油,乾燥,無缺陷,無障礙物,良好,良好,行車管制號誌,正常,雙向禁止超車線,附標記,未繪設車道線,未繪設快慢車道分隔線,有,車與車,路口交岔撞,駕駛人,違反號誌管制或指揮,死亡1;受傷1,1,機車,普通重型,女,75,未戴案全帽或未繫安全帶(未使用幼童安全椅),未使用,車的狀態,向前直行中,機車,右側車身,,,駕駛人,違反號誌管制或指揮,否,120.454711,22.526277
2018,11,20181112,144459,A1,屏東縣政府警察局,屏東縣新園鄉平和路西側 / 屏東縣新園鄉新南路南側,晴,日間自然光線,村里道路,50,交岔路,四岔路,交叉路口,交叉路口內,柏油,乾燥,無缺陷,無障礙物,良好,良好,行車管制號誌,正常,雙向禁止超車線,附標記,未繪設車道線,未繪設快慢車道分隔線,有,車與車,路口交岔撞,駕駛人,違反號誌管制或指揮,死亡1;受傷1,2,機車,普通重型,男,73,未戴案全帽或未繫安全帶(未使用幼童安全椅),未使用,車的狀態,向前直行中,機車,前車頭,,,無(車輛駕駛人因素),尚未發現肇事因素,否,120.454711,22.526277
2018,11,20181112,174837,A1,屏東縣政府警察局,屏東縣獅子鄉台九線469.8K 往台東,晴,夜間(或隧道、地下道、涵洞)無照明,縣道,50,單路部分,彎曲路及附近,路段,一般車道(未劃分快慢車道),柏油,乾燥,無缺陷,無障礙物,良好,良好,無號誌,無號誌,雙向禁止超車線,無標記,未繪設車道線,未繪設快慢車道分隔線,有,車與車,對撞,駕駛人,未注意車前狀態,死亡1;受傷1,1,小貨車(含客、貨兩用),自用,男,64,戴安全帽或繫安全帶(使用幼童安全椅),未使用,車的狀態,向前直行中,汽車,左前車頭(身),,,駕駛人,未注意車前狀態,否,120.741152,22.204802
2018,11,20181112,174837,A1,屏東縣政府警察局,屏東縣獅子鄉台九線469.8K 往台東,晴,夜間(或隧道、地下道、涵洞)無照明,縣道,50,單路部分,彎曲路及附近,路段,一般車道(未劃分快慢車道),柏油,乾燥,無缺陷,無障礙物,良好,良好,無號誌,無號誌,雙向禁止超車線,無標記,未繪設車道線,未繪設快慢車道分隔線,有,車與車,對撞,駕駛人,未注意車前狀態,死亡1;受傷1,2,曳引車,營業用,男,46,戴安全帽或繫安全帶(使用幼童安全椅),未使用,車的狀態,向前直行中,汽車,左前車頭(身),,,無(車輛駕駛人因素),尚未發現肇事因素,否,120.741152,22.204802
2018,11,20181112,200100,A1,新北市政府警察局,新北市蘆洲區三民路 / 新北市蘆洲區民族路,晴,夜間(或隧道、地下道、涵洞)有照明,市區道路,50,交岔路,三岔路,交叉路口,交叉路口內,柏油,乾燥,無缺陷,無障礙物,良好,良好,行車管制號誌(附設行人專用號誌),正常,中央分向島,寛式(50公分以上),未繪設車道線,未繪設快慢車道分隔線,有,車與車,路口交岔撞,駕駛人,違反號誌管制或指揮,死亡1;受傷1,2,機車,普通重型,男,34,戴安全帽或繫安全帶(使用幼童安全椅),未使用,車的狀態,向前直行中,機車,前車頭,機車,前車頭,駕駛人,未注意車前狀態,否,121.475738,25.083015
2018,11,20181112,200100,A1,新北市政府警察局,新北市蘆洲區三民路 / 新北市蘆洲區民族路,晴,夜間(或隧道、地下道、涵洞)有照明,市區道路,50,交岔路,三岔路,交叉路口,交叉路口內,柏油,乾燥,無缺陷,無障礙物,良好,良好,行車管制號誌(附設行人專用號誌),正常,中央分向島,寛式(50公分以上),未繪設車道線,未繪設快慢車道分隔線,有,車與車,路口交岔撞,駕駛人,違反號誌管制或指揮,死亡1;受傷1,1,慢車,腳踏自行車,男,78,其他(行人、慢車駕駛人),非汽(機)車駕駛人,車的狀態,向前直行中,其他,非汽(機)車,其他,非汽(機)車,駕駛人,違反號誌管制或指揮,否,121.475738,25.083015
2018,11,20181112,234028,A1,國道公路警察局,彰化縣和美鎮國道3號 193公里500.0公尺處南側向外側,晴,夜間(或隧道、地下道、涵洞)無照明,國道,110,單路部分,直路,路段,快車道,柏油,乾燥,無缺陷,無障礙物,良好,良好,無號誌,無號誌,中央分向島,寛式(50公分以上),車道線(附標記),未繪設快慢車道分隔線,有,車與車,其他,其他,拋錨未採安全措施,死亡1;受傷2,4,人,其他人,男,37,其他(行人、慢車駕駛人),未使用,人的狀態,靜立(止),其他,不明,其他,不明,行人(或乘客),其他引起事故之疏失或行為,否,120.526804,24.129600
2018,11,20181112,234028,A1,國道公路警察局,彰化縣和美鎮國道3號 193公里500.0公尺處南側向外側,晴,夜間(或隧道、地下道、涵洞)無照明,國道,110,單路部分,直路,路段,快車道,柏油,乾燥,無缺陷,無障礙物,良好,良好,無號誌,無號誌,中央分向島,寛式(50公分以上),車道線(附標記),未繪設快慢車道分隔線,有,車與車,其他,其他,拋錨未採安全措施,死亡1;受傷2,2,小客車,自用,男,24,戴安全帽或繫安全帶(使用幼童安全椅),未使用,車的狀態,向前直行中,汽車,前車頭,汽車,後車尾,駕駛人,未注意車前狀態,否,120.526804,24.129600
2018,11,20181112,234028,A1,國道公路警察局,彰化縣和美鎮國道3號 193公里500.0公尺處南側向外側,晴,夜間(或隧道、地下道、涵洞)無照明,國道,110,單路部分,直路,路段,快車道,柏油,乾燥,無缺陷,無障礙物,良好,良好,無號誌,無號誌,中央分向島,寛式(50公分以上),車道線(附標記),未繪設快慢車道分隔線,有,車與車,其他,其他,拋錨未採安全措施,死亡1;受傷2,1,小客車,自用,男,24,戴安全帽或繫安全帶(使用幼童安全椅),未使用,車的狀態,等待(引擎未熄火),汽車,前車頭,汽車,後車尾,其他,拋錨未採安全措施,否,120.526804,24.129600
2018,11,20181112,234028,A1,國道公路警察局,彰化縣和美鎮國道3號 193公里500.0公尺處南側向外側,晴,夜間(或隧道、地下道、涵洞)無照明,國道,110,單路部分,直路,路段,快車道,柏油,乾燥,無缺陷,無障礙物,良好,良好,無號誌,無號誌,中央分向島,寛式(50公分以上),車道線(附標記),未繪設快慢車道分隔線,有,車與車,其他,其他,拋錨未採安全措施,死亡1;受傷2,3,小客車,自用,男,37,戴安全帽或繫安全帶(使用幼童安全椅),未使用,車的狀態,等待(引擎未熄火),汽車,後車尾,汽車,前車頭,其他,拋錨未採安全措施,否,120.526804,24.129600
2018,11,20181112,234028,A1,國道公路警察局,彰化縣和美鎮國道3號 193公里500.0公尺處南側向外側,晴,夜間(或隧道、地下道、涵洞)無照明,國道,110,單路部分,直路,路段,快車道,柏油,乾燥,無缺陷,無障礙物,良好,良好,無號誌,無號誌,中央分向島,寛式(50公分以上),車道線(附標記),未繪設快慢車道分隔線,有,車與車,其他,其他,拋錨未採安全措施,死亡1;受傷2,5,人,其他人,男,37,戴安全帽或繫安全帶(使用幼童安全椅),未使用,人的狀態,靜立(止),其他,非汽(機)車,,,行人(或乘客),其他引起事故之疏失或行為,否,120.526804,24.129600
2018,11,20181112,234028,A1,國道公路警察局,彰化縣和美鎮國道3號 193公里500.0公尺處南側向外側,晴,夜間(或隧道、地下道、涵洞)無照明,國道,110,單路部分,直路,路段,快車道,柏油,乾燥,無缺陷,無障礙物,良好,良好,無號誌,無號誌,中央分向島,寛式(50公分以上),車道線(附標記),未繪設快慢車道分隔線,有,車與車,其他,其他,拋錨未採安全措施,死亡1;受傷2,6,人,其他人,男,24,戴安全帽或繫安全帶(使用幼童安全椅),未使用,人的狀態,靜立(止),其他,非汽(機)車,,,行人(或乘客),其他引起事故之疏失或行為,否,120.526804,24.129600
2018,11,20181113,095400,A1,高雄市政府警察局,高雄市小港區里北林路前0.0公尺,晴,日間自然光線,市區道路,50,單路部分,直路,路段,一般車道(未劃分快慢車道),柏油,乾燥,無缺陷,無障礙物,良好,良好,無號誌,無號誌,行車分向線,無標記,未繪設車道線,未繪設快慢車道分隔線,有,車與車,同向擦撞,駕駛人,未保持行車安全間隔,死亡1;受傷0,2,機車,普通重型,男,73,戴安全帽或繫安全帶(使用幼童安全椅),不明,車的狀態,向前直行中,機車,左側車身,機車,左側車身,駕駛人,未保持行車安全間隔,否,120.369878,22.557611
2018,11,20181113,095400,A1,高雄市政府警察局,高雄市小港區里北林路前0.0公尺,晴,日間自然光線,市區道路,50,單路部分,直路,路段,一般車道(未劃分快慢車道),柏油,乾燥,無缺陷,無障礙物,良好,良好,無號誌,無號誌,行車分向線,無標記,未繪設車道線,未繪設快慢車道分隔線,有,車與車,同向擦撞,駕駛人,未保持行車安全間隔,死亡1;受傷0,1,半聯結車,營業用,男,55,戴安全帽或繫安全帶(使用幼童安全椅),未使用,車的狀態,向前直行中,汽車,右前車頭(身),汽車,右前車頭(身),駕駛人,未保持行車安全間隔,否,120.369878,22.557611
2018,11,20181113,103100,A1,雲林縣警察局,雲林縣西螺鎮大新里154公路,晴,日間自然光線,村里道路,60,單路部分,直路,路段,路肩、路緣,柏油,乾燥,無缺陷,無障礙物,良好,良好,無號誌,無號誌,雙向禁止超車線,無標記,未繪設車道線,未繪設快慢車道分隔線,有,汽(機)車本身,撞路樹、電桿,其他,不明原因肇事,死亡1;受傷0,2,,,無或物(動物、堆置物),-1,,,,,,,,,無(非車輛駕駛人因素),尚未發現肇事因素,否,120.486589,23.792711
2018,11,20181113,103100,A1,雲林縣警察局,雲林縣西螺鎮大新里154公路,晴,日間自然光線,村里道路,60,單路部分,直路,路段,路肩、路緣,柏油,乾燥,無缺陷,無障礙物,良好,良好,無號誌,無號誌,雙向禁止超車線,無標記,未繪設車道線,未繪設快慢車道分隔線,有,汽(機)車本身,撞路樹、電桿,其他,不明原因肇事,死亡1;受傷0,1,機車,大型重型2(250-550C.C.),男,41,未戴案全帽或未繫安全帶(未使用幼童安全椅),未使用,車的狀態,向前直行中,機車,前車頭,,,其他,不明原因肇事,否,120.486589,23.792711
2018,11,20181113,175700,A1,高雄市政府警察局,高雄市岡山區里大仁北路406號前0.0公尺,晴,日間自然光線,市區道路,50,單路部分,直路,路段,機車優先道,柏油,乾燥,無缺陷,無障礙物,良好,良好,無號誌,無號誌,行車分向線,無標記,車道線(無標記),快慢車道分隔線,無,車與車,同向擦撞,駕駛人,未注意車前狀態,死亡1;受傷1,2,慢車,腳踏自行車,女,71,其他(行人、慢車駕駛人),不明,人的狀態,不明,其他,不明,其他,不明,其他,其他引起事故之違規或不當行為,否,120.302245,22.792931
2018,11,20181113,175700,A1,高雄市政府警察局,高雄市岡山區里大仁北路406號前0.0公尺,晴,日間自然光線,市區道路,50,單路部分,直路,路段,機車優先道,柏油,乾燥,無缺陷,無障礙物,良好,良好,無號誌,無號誌,行車分向線,無標記,車道線(無標記),快慢車道分隔線,無,車與車,同向擦撞,駕駛人,未注意車前狀態,死亡1;受傷1,1,機車,普通重型,女,24,戴安全帽或繫安全帶(使用幼童安全椅),未使用,車的狀態,向前直行中,機車,前車頭,機車,前車頭,駕駛人,未注意車前狀態,否,120.302245,22.792931
2018,11,20181113,183100,A1,臺北市政府警察局,臺北市中山區堤頂大道2段 / 臺北市中山區樂群二路,陰,夜間(或隧道、地下道、涵洞)有照明,市區道路,70,交岔路,四岔路,交叉路口,交叉路口內,柏油,乾燥,無缺陷,無障礙物,良好,良好,行車管制號誌,正常,中央分向島,寛式(50公分以上),車道線(無標記),未繪設快慢車道分隔線,無,車與車,側撞,駕駛人,違反號誌管制或指揮,死亡1;受傷0,1,機車,大型重型2(250-550C.C.),男,57,不明,不明,車的狀態,左轉彎,其他,不明,其他,不明,駕駛人,違反號誌管制或指揮,否,121.562594,25.080507
2018,11,20181113,183100,A1,臺北市政府警察局,臺北市中山區堤頂大道2段 / 臺北市中山區樂群二路,陰,夜間(或隧道、地下道、涵洞)有照明,市區道路,70,交岔路,四岔路,交叉路口,交叉路口內,柏油,乾燥,無缺陷,無障礙物,良好,良好,行車管制號誌,正常,中央分向島,寛式(50公分以上),車道線(無標記),未繪設快慢車道分隔線,無,車與車,側撞,駕駛人,違反號誌管制或指揮,死亡1;受傷0,2,小客車,自用,男,56,不明,不明,車的狀態,向前直行中,汽車,右前車頭(身),汽車,右前車頭(身),無(車輛駕駛人因素),尚未發現肇事因素,否,121.562594,25.080507
2018,11,20181113,183842,A1,桃園市政府警察局,桃園市大溪區康莊路與月眉路口(O107110102南雅所),晴,夜間(或隧道、地下道、涵洞)有照明,市區道路,50,交岔路,三岔路,交叉路口,交叉路口內,柏油,乾燥,無缺陷,無障礙物,良好,良好,行車管制號誌,正常,無,無分向設施,未繪設車道線,未繪設快慢車道分隔線,無,車與車,側撞,駕駛人,未依規定讓車,死亡1;受傷1,2,機車,普通重型,男,26,戴安全帽或繫安全帶(使用幼童安全椅),未使用,車的狀態,向前直行中,機車,前車頭,,,駕駛人,未依規定減速,否,121.286251,24.887498
2018,11,20181113,183842,A1,桃園市政府警察局,桃園市大溪區康莊路與月眉路口(O107110102南雅所),晴,夜間(或隧道、地下道、涵洞)有照明,市區道路,50,交岔路,三岔路,交叉路口,交叉路口內,柏油,乾燥,無缺陷,無障礙物,良好,良好,行車管制號誌,正常,無,無分向設施,未繪設車道線,未繪設快慢車道分隔線,無,車與車,側撞,駕駛人,未依規定讓車,死亡1;受傷1,3,人,乘客,男,28,戴安全帽或繫安全帶(使用幼童安全椅),未使用,人的狀態,其他,其他,非汽(機)車,,,無(非車輛駕駛人因素),尚未發現肇事因素,否,121.286251,24.887498
2018,11,20181113,183842,A1,桃園市政府警察局,桃園市大溪區康莊路與月眉路口(O107110102南雅所),晴,夜間(或隧道、地下道、涵洞)有照明,市區道路,50,交岔路,三岔路,交叉路口,交叉路口內,柏油,乾燥,無缺陷,無障礙物,良好,良好,行車管制號誌,正常,無,無分向設施,未繪設車道線,未繪設快慢車道分隔線,無,車與車,側撞,駕駛人,未依規定讓車,死亡1;受傷1,1,小貨車(含客、貨兩用),自用,男,36,戴安全帽或繫安全帶(使用幼童安全椅),未使用,車的狀態,左轉彎,汽車,左側車身,,,駕駛人,未依規定讓車,否,121.286251,24.887498
2018,11,20181113,231036,A1,雲林縣警察局,雲林縣東勢鄉台78線,晴,夜間(或隧道、地下道、涵洞)無照明,村里道路,100,單路部分,直路,路段,一般車道(未劃分快慢車道),柏油,乾燥,無缺陷,無障礙物,良好,良好,無號誌,無號誌,中央分向島,寛式(50公分以上),車道線(無標記),未繪設快慢車道分隔線,有,車與車,其他,機件,車輪脫落或輪胎爆裂,死亡1;受傷3,2,小客車,自用,男,42,不明,不明,車的狀態,向前直行中,汽車,前車頭,,,駕駛人,未注意車前狀態,否,120.265622,23.687308
2018,11,20181113,231036,A1,雲林縣警察局,雲林縣東勢鄉台78線,晴,夜間(或隧道、地下道、涵洞)無照明,村里道路,100,單路部分,直路,路段,一般車道(未劃分快慢車道),柏油,乾燥,無缺陷,無障礙物,良好,良好,無號誌,無號誌,中央分向島,寛式(50公分以上),車道線(無標記),未繪設快慢車道分隔線,有,車與車,其他,機件,車輪脫落或輪胎爆裂,死亡1;受傷3,3,人,乘客,男,54,不明,非汽(機)車駕駛人,人的狀態,其他,其他,非汽(機)車,,,無(非車輛駕駛人因素),尚未發現肇事因素,否,120.265622,23.687308
2018,11,20181113,231036,A1,雲林縣警察局,雲林縣東勢鄉台78線,晴,夜間(或隧道、地下道、涵洞)無照明,村里道路,100,單路部分,直路,路段,一般車道(未劃分快慢車道),柏油,乾燥,無缺陷,無障礙物,良好,良好,無號誌,無號誌,中央分向島,寛式(50公分以上),車道線(無標記),未繪設快慢車道分隔線,有,車與車,其他,機件,車輪脫落或輪胎爆裂,死亡1;受傷3,4,人,乘客,男,52,不明,非汽(機)車駕駛人,人的狀態,其他,其他,非汽(機)車,,,無(非車輛駕駛人因素),尚未發現肇事因素,否,120.265622,23.687308
2018,11,20181113,231036,A1,雲林縣警察局,雲林縣東勢鄉台78線,晴,夜間(或隧道、地下道、涵洞)無照明,村里道路,100,單路部分,直路,路段,一般車道(未劃分快慢車道),柏油,乾燥,無缺陷,無障礙物,良好,良好,無號誌,無號誌,中央分向島,寛式(50公分以上),車道線(無標記),未繪設快慢車道分隔線,有,車與車,其他,機件,車輪脫落或輪胎爆裂,死亡1;受傷3,1,小貨車(含客、貨兩用),自用,男,54,不明,不明,車的狀態,向前直行中,汽車,左前車頭(身),汽車,右側車身,機件,車輪脫落或輪胎爆裂,否,120.265622,23.687308
2018,11,20181114,090400,A1,嘉義縣警察局,嘉義縣民雄鄉福樂村埤角336號,晴,日間自然光線,縣道,50,單路部分,直路,路段,一般車道(未劃分快慢車道),柏油,乾燥,無缺陷,無障礙物,良好,良好,無號誌,無號誌,行車分向線,無標記,未繪設車道線,未繪設快慢車道分隔線,有,車與車,其他,其他,其他引起事故之違規或不當行為,死亡1;受傷2,1,小客車,自用,女,65,戴安全帽或繫安全帶(使用幼童安全椅),未使用,車的狀態,起步,汽車,前車頭,,,其他,其他引起事故之違規或不當行為,否,120.440936,23.525343
2018,11,20181114,090400,A1,嘉義縣警察局,嘉義縣民雄鄉福樂村埤角336號,晴,日間自然光線,縣道,50,單路部分,直路,路段,一般車道(未劃分快慢車道),柏油,乾燥,無缺陷,無障礙物,良好,良好,無號誌,無號誌,行車分向線,無標記,未繪設車道線,未繪設快慢車道分隔線,有,車與車,其他,其他,其他引起事故之違規或不當行為,死亡1;受傷2,5,大貨車,營業用,男,38,戴安全帽或繫安全帶(使用幼童安全椅),未使用,車的狀態,靜止(引擎熄火),其他,不明,,,其他,違規停車或暫停不當而肇事,否,120.440936,23.525343
2018,11,20181114,090400,A1,嘉義縣警察局,嘉義縣民雄鄉福樂村埤角336號,晴,日間自然光線,縣道,50,單路部分,直路,路段,一般車道(未劃分快慢車道),柏油,乾燥,無缺陷,無障礙物,良好,良好,無號誌,無號誌,行車分向線,無標記,未繪設車道線,未繪設快慢車道分隔線,有,車與車,其他,其他,其他引起事故之違規或不當行為,死亡1;受傷2,3,機車,普通重型,男,29,戴安全帽或繫安全帶(使用幼童安全椅),未使用,車的狀態,向前直行中,機車,後車尾,,,無(車輛駕駛人因素),尚未發現肇事因素,否,120.440936,23.525343
2018,11,20181114,090400,A1,嘉義縣警察局,嘉義縣民雄鄉福樂村埤角336號,晴,日間自然光線,縣道,50,單路部分,直路,路段,一般車道(未劃分快慢車道),柏油,乾燥,無缺陷,無障礙物,良好,良好,無號誌,無號誌,行車分向線,無標記,未繪設車道線,未繪設快慢車道分隔線,有,車與車,其他,其他,其他引起事故之違規或不當行為,死亡1;受傷2,6,機車,普通重型,男,41,戴安全帽或繫安全帶(使用幼童安全椅),未使用,車的狀態,靜止(引擎熄火),其他,不明,,,無(車輛駕駛人因素),尚未發現肇事因素,否,120.440936,23.525343
2018,11,20181114,090400,A1,嘉義縣警察局,嘉義縣民雄鄉福樂村埤角336號,晴,日間自然光線,縣道,50,單路部分,直路,路段,一般車道(未劃分快慢車道),柏油,乾燥,無缺陷,無障礙物,良好,良好,無號誌,無號誌,行車分向線,無標記,未繪設車道線,未繪設快慢車道分隔線,有,車與車,其他,其他,其他引起事故之違規或不當行為,死亡1;受傷2,2,機車,普通重型,女,46,戴安全帽或繫安全帶(使用幼童安全椅),未使用,車的狀態,向前直行中,機車,右側車身,,,無(車輛駕駛人因素),尚未發現肇事因素,否,120.440936,23.525343
2018,11,20181114,090400,A1,嘉義縣警察局,嘉義縣民雄鄉福樂村埤角336號,晴,日間自然光線,縣道,50,單路部分,直路,路段,一般車道(未劃分快慢車道),柏油,乾燥,無缺陷,無障礙物,良好,良好,無號誌,無號誌,行車分向線,無標記,未繪設車道線,未繪設快慢車道分隔線,有,車與車,其他,其他,其他引起事故之違規或不當行為,死亡1;受傷2,4,機車,普通重型,女,36,戴安全帽或繫安全帶(使用幼童安全椅),未使用,車的狀態,向前直行中,機車,左側車身,,,無(車輛駕駛人因素),尚未發現肇事因素,否,120.440936,23.525343
2018,11,20181114,093119,A1,臺南市政府警察局,臺南市新營區太北里省道臺19甲線太子宮146之6號前8.0公尺,晴,日間自然光線,市區道路,50,單路部分,直路,路段,機車優先道,柏油,乾燥,無缺陷,無障礙物,良好,良好,無號誌,無號誌,行車分向線,附標記,未繪設車道線,快慢車道分隔線,有,車與車,側撞,駕駛人,起步未注意其他車(人)安全,死亡1;受傷0,2,機車,普通重型,男,54,未戴案全帽或未繫安全帶(未使用幼童安全椅),未使用,車的狀態,向前直行中,機車,前車頭,,,駕駛人,未注意車前狀態,否,120.274293,23.293920
2018,11,20181114,093119,A1,臺南市政府警察局,臺南市新營區太北里省道臺19甲線太子宮146之6號前8.0公尺,晴,日間自然光線,市區道路,50,單路部分,直路,路段,機車優先道,柏油,乾燥,無缺陷,無障礙物,良好,良好,無號誌,無號誌,行車分向線,附標記,未繪設車道線,快慢車道分隔線,有,車與車,側撞,駕駛人,起步未注意其他車(人)安全,死亡1;受傷0,1,小貨車(含客、貨兩用),自用,男,55,戴安全帽或繫安全帶(使用幼童安全椅),未使用,車的狀態,起步,汽車,左後車尾(身),,,駕駛人,起步未注意其他車(人)安全,否,120.274293,23.293920
2018,11,20181114,094008,A1,臺南市政府警察局,臺南市關廟區埤頭里關新路2段西側 / 臺南市關廟區埤頭里關新路2段東側,晴,日間自然光線,市區道路,60,交岔路,三岔路,交叉路口,交叉路口內,柏油,乾燥,無缺陷,無障礙物,良好,良好,閃光號誌,正常,無,無分向設施,未繪設車道線,未繪設快慢車道分隔線,無,車與車,側撞,駕駛人,右轉彎未依規定,死亡1;受傷0,2,機車,普通重型,男,38,戴安全帽或繫安全帶(使用幼童安全椅),未使用,車的狀態,向前直行中,其他,不明,其他,不明,駕駛人,未依規定減速,否,120.308616,23.002244
2018,11,20181114,094008,A1,臺南市政府警察局,臺南市關廟區埤頭里關新路2段西側 / 臺南市關廟區埤頭里關新路2段東側,晴,日間自然光線,市區道路,60,交岔路,三岔路,交叉路口,交叉路口內,柏油,乾燥,無缺陷,無障礙物,良好,良好,閃光號誌,正常,無,無分向設施,未繪設車道線,未繪設快慢車道分隔線,無,車與車,側撞,駕駛人,右轉彎未依規定,死亡1;受傷0,1,小貨車(含客、貨兩用),自用,男,42,戴安全帽或繫安全帶(使用幼童安全椅),未使用,車的狀態,右轉彎,汽車,右側車身,汽車,右側車身,駕駛人,右轉彎未依規定,否,120.308616,23.002244
2018,11,20181114,193546,A1,雲林縣警察局,雲林縣斗六市產業道路大B61電桿前,晴,夜間(或隧道、地下道、涵洞)無照明,村里道路,40,單路部分,直路,路段,一般車道(未劃分快慢車道),柏油,乾燥,無缺陷,無障礙物,良好,良好,無號誌,無號誌,無,無分向設施,未繪設車道線,未繪設快慢車道分隔線,無,汽(機)車本身,撞路樹、電桿,其他,不明原因肇事,死亡1;受傷0,2,,,無或物(動物、堆置物),-1,,,,,,,,,無(非車輛駕駛人因素),尚未發現肇事因素,否,120.522100,23.711490