發生年度,發生月份,發生日期,發生時間,事故類別名稱,處理單位名稱警局層,發生地點,天候名稱,光線名稱,道路類別-第1當事者-名稱,速限-第1當事者,道路型態大類別名稱,道路型態子類別名稱,事故位置大類別名稱,事故位置子類別名稱,路面狀況-路面鋪裝名稱,路面狀況-路面狀態名稱,路面狀況-路面缺陷名稱,道路障礙-障礙物名稱,道路障礙-視距品質名稱,道路障礙-視距名稱,號誌-號誌種類名稱,號誌-號誌動作名稱,車道劃分設施-分向設施大類別名稱,車道劃分設施-分向設施子類別名稱,車道劃分設施-分道設施-快車道或一般車道間名稱,車道劃分設施-分道設施-快慢車道間名稱,車道劃分設施-分道設施-路面邊線名稱,事故類型及型態大類別名稱,事故類型及型態子類別名稱,肇因研判大類別名稱-主要,肇因研判子類別名稱-主要,死亡受傷人數,當事者順位,當事者區分-類別-大類別名稱-車種,當事者區分-類別-子類別名稱-車種,當事者屬-性-別名稱,當事者事故發生時年齡,保護裝備名稱,行動電話或電腦或其他相類功能裝置名稱,當事者行動狀態大類別名稱,當事者行動狀態子類別名稱,車輛撞擊部位大類別名稱-最初,車輛撞擊部位子類別名稱-最初,車輛撞擊部位大類別名稱-其他,車輛撞擊部位子類別名稱-其他,肇因研判大類別名稱-個別,肇因研判子類別名稱-個別,肇事逃逸類別名稱-是否肇逃,經度,緯度
2018,12,20181202,060605,A1,屏東縣政府警察局,屏東縣滿州鄉港口村公舘路段,晴,晨或暮光,縣道,50,單路部分,直路,路段,一般車道(未劃分快慢車道),柏油,乾燥,無缺陷,無障礙物,良好,良好,無號誌,無號誌,行車分向線,附標記,車道線(附標記),未繪設快慢車道分隔線,有,人與汽(機)車,同向通行中,駕駛人,酒醉(後)駕駛失控,死亡1;受傷1,1,機車,普通重型,男,21,戴安全帽或繫安全帶(使用幼童安全椅),未使用,車的狀態,向前直行中,機車,前車頭,,,駕駛人,酒醉(後)駕駛失控,否,120.835378,21.991565
2018,12,20181202,141500,A1,彰化縣警察局,彰化縣福興鄉麥厝村沿海路1段125號前0.0公尺,晴,日間自然光線,村里道路,70,單路部分,直路,路段,一般車道(未劃分快慢車道),柏油,乾燥,無缺陷,無障礙物,良好,良好,無號誌,無號誌,中央分向島,寛式(50公分以上),車道線(無標記),未繪設快慢車道分隔線,有,車與車,其他,駕駛人,未注意車前狀態,死亡1;受傷1,1,機車,普通重型,男,15,戴安全帽或繫安全帶(使用幼童安全椅),未使用,車的狀態,向前直行中,機車,前車頭,,,駕駛人,未注意車前狀態,否,120.390109,24.015035
2018,12,20181202,141500,A1,彰化縣警察局,彰化縣福興鄉麥厝村沿海路1段125號前0.0公尺,晴,日間自然光線,村里道路,70,單路部分,直路,路段,一般車道(未劃分快慢車道),柏油,乾燥,無缺陷,無障礙物,良好,良好,無號誌,無號誌,中央分向島,寛式(50公分以上),車道線(無標記),未繪設快慢車道分隔線,有,車與車,其他,駕駛人,未注意車前狀態,死亡1;受傷1,3,人,乘客,男,14,其他(行人、慢車駕駛人),非汽(機)車駕駛人,人的狀態,其他,其他,非汽(機)車,,,無(非車輛駕駛人因素),尚未發現肇事因素,否,120.390109,24.015035
2018,12,20181202,141500,A1,彰化縣警察局,彰化縣福興鄉麥厝村沿海路1段125號前0.0公尺,晴,日間自然光線,村里道路,70,單路部分,直路,路段,一般車道(未劃分快慢車道),柏油,乾燥,無缺陷,無障礙物,良好,良好,無號誌,無號誌,中央分向島,寛式(50公分以上),車道線(無標記),未繪設快慢車道分隔線,有,車與車,其他,駕駛人,未注意車前狀態,死亡1;受傷1,2,小客車,自用,女,36,戴安全帽或繫安全帶(使用幼童安全椅),未使用,車的狀態,靜止(引擎熄火),汽車,後車尾,,,無(車輛駕駛人因素),尚未發現肇事因素,否,120.390109,24.015035
2018,12,20181202,163000,A1,屏東縣政府警察局,屏東縣屏東市歸仁南路56號前0.0公尺,晴,日間自然光線,村里道路,40,單路部分,直路,路段,一般車道(未劃分快慢車道),柏油,乾燥,無缺陷,無障礙物,良好,良好,無號誌,無號誌,無,無分向設施,未繪設車道線,未繪設快慢車道分隔線,有,汽(機)車本身,衝出路外,其他,其他引起事故之違規或不當行為,死亡1;受傷0,2,,,無或物(動物、堆置物),-1,,,,,,,,,無(非車輛駕駛人因素),尚未發現肇事因素,否,120.501267,22.648463
2018,12,20181202,163000,A1,屏東縣政府警察局,屏東縣屏東市歸仁南路56號前0.0公尺,晴,日間自然光線,村里道路,40,單路部分,直路,路段,一般車道(未劃分快慢車道),柏油,乾燥,無缺陷,無障礙物,良好,良好,無號誌,無號誌,無,無分向設施,未繪設車道線,未繪設快慢車道分隔線,有,汽(機)車本身,衝出路外,其他,其他引起事故之違規或不當行為,死亡1;受傷0,1,機車,普通重型,女,67,戴安全帽或繫安全帶(使用幼童安全椅),不明,車的狀態,其他,機車,前車頭,,,其他,其他引起事故之違規或不當行為,否,120.501267,22.648463
2018,12,20181203,001000,A1,桃園市政府警察局,桃園市楊梅區三湖里泰圳路126號前0.0公尺北側,晴,夜間(或隧道、地下道、涵洞)有照明,村里道路,40,單路部分,彎曲路及附近,路段,一般車道(未劃分快慢車道),柏油,乾燥,無缺陷,無障礙物,良好,良好,無號誌,無號誌,雙向禁止超車線,無標記,禁止變換車道線(無標記),未繪設快慢車道分隔線,有,汽(機)車本身,撞護欄(樁),駕駛人,未依規定減速,死亡1;受傷0,2,,,無或物(動物、堆置物),-1,,,,,,,,,無(非車輛駕駛人因素),尚未發現肇事因素,否,121.112376,24.905648
2018,12,20181203,001000,A1,桃園市政府警察局,桃園市楊梅區三湖里泰圳路126號前0.0公尺北側,晴,夜間(或隧道、地下道、涵洞)有照明,村里道路,40,單路部分,彎曲路及附近,路段,一般車道(未劃分快慢車道),柏油,乾燥,無缺陷,無障礙物,良好,良好,無號誌,無號誌,雙向禁止超車線,無標記,禁止變換車道線(無標記),未繪設快慢車道分隔線,有,汽(機)車本身,撞護欄(樁),駕駛人,未依規定減速,死亡1;受傷0,1,小客車,自用,男,24,未戴案全帽或未繫安全帶(未使用幼童安全椅),未使用,車的狀態,向前直行中,汽車,右前車頭(身),,,駕駛人,未依規定減速,否,121.112376,24.905648
2018,12,20181203,015900,A1,臺北市政府警察局,臺北市大安區忠孝東路3段 / 臺北市大安區復興南路1段,陰,夜間(或隧道、地下道、涵洞)有照明,市區道路,50,交岔路,四岔路,交叉路口,交叉路口內,柏油,乾燥,無缺陷,無障礙物,良好,良好,行車管制號誌,正常,中央分向島,寛式(50公分以上),車道線(無標記),未繪設快慢車道分隔線,無,車與車,側撞,駕駛人,未依規定讓車,死亡1;受傷0,1,小客車,自用,男,57,戴安全帽或繫安全帶(使用幼童安全椅),未使用,車的狀態,左轉彎,汽車,右前車頭(身),汽車,右前車頭(身),駕駛人,未依規定讓車,否,121.543657,25.041785
2018,12,20181203,015900,A1,臺北市政府警察局,臺北市大安區忠孝東路3段 / 臺北市大安區復興南路1段,陰,夜間(或隧道、地下道、涵洞)有照明,市區道路,50,交岔路,四岔路,交叉路口,交叉路口內,柏油,乾燥,無缺陷,無障礙物,良好,良好,行車管制號誌,正常,中央分向島,寛式(50公分以上),車道線(無標記),未繪設快慢車道分隔線,無,車與車,側撞,駕駛人,未依規定讓車,死亡1;受傷0,2,機車,普通重型,男,26,戴安全帽或繫安全帶(使用幼童安全椅),未使用,車的狀態,向前直行中,機車,前車頭,機車,前車頭,無(車輛駕駛人因素),尚未發現肇事因素,否,121.543657,25.041785
2018,12,20181203,081200,A1,新北市政府警察局,新北市瑞芳區逢甲路前0.0公尺,晴,日間自然光線,市區道路,40,單路部分,直路,路段,一般車道(未劃分快慢車道),柏油,乾燥,無缺陷,無障礙物,良好,良好,無號誌,無號誌,雙向禁止超車線,無標記,未繪設車道線,未繪設快慢車道分隔線,有,汽(機)車本身,撞護欄(樁),駕駛人,酒醉(後)駕駛失控,死亡1;受傷0,2,,,無或物(動物、堆置物),0,,,,,,,,,無(非車輛駕駛人因素),尚未發現肇事因素,否,121.802685,25.111788
2018,12,20181203,081200,A1,新北市政府警察局,新北市瑞芳區逢甲路前0.0公尺,晴,日間自然光線,市區道路,40,單路部分,直路,路段,一般車道(未劃分快慢車道),柏油,乾燥,無缺陷,無障礙物,良好,良好,無號誌,無號誌,雙向禁止超車線,無標記,未繪設車道線,未繪設快慢車道分隔線,有,汽(機)車本身,撞護欄(樁),駕駛人,酒醉(後)駕駛失控,死亡1;受傷0,1,機車,普通重型,男,47,不明,不明,人的狀態,不明,機車,前車頭,機車,前車頭,駕駛人,酒醉(後)駕駛失控,否,121.802685,25.111788
2018,12,20181203,083200,A1,嘉義縣警察局,嘉義縣六腳鄉灣南村灣內119號前路口(嘉56線道起點),晴,日間自然光線,鄉道,50,交岔路,三岔路,交叉路口,交叉路口內,柏油,乾燥,無缺陷,無障礙物,良好,良好,閃光號誌,正常,雙向禁止超車線,無標記,未繪設車道線,未繪設快慢車道分隔線,有,車與車,其他,駕駛人,未依規定讓車,死亡1;受傷0,1,機車,普通重型,男,85,未戴案全帽或未繫安全帶(未使用幼童安全椅),未使用,車的狀態,左轉彎,機車,前車頭,機車,前車頭,駕駛人,未依規定讓車,否,120.308975,23.500443
2018,12,20181203,083200,A1,嘉義縣警察局,嘉義縣六腳鄉灣南村灣內119號前路口(嘉56線道起點),晴,日間自然光線,鄉道,50,交岔路,三岔路,交叉路口,交叉路口內,柏油,乾燥,無缺陷,無障礙物,良好,良好,閃光號誌,正常,雙向禁止超車線,無標記,未繪設車道線,未繪設快慢車道分隔線,有,車與車,其他,駕駛人,未依規定讓車,死亡1;受傷0,2,小客車,自用,女,40,戴安全帽或繫安全帶(使用幼童安全椅),未使用,車的狀態,向前直行中,汽車,左後車尾(身),汽車,左後車尾(身),駕駛人,違反特定標誌(線)禁制,否,120.308975,23.500443
2018,12,20181203,083200,A1,嘉義縣警察局,嘉義縣六腳鄉灣南村灣內119號前路口(嘉56線道起點),晴,日間自然光線,鄉道,50,交岔路,三岔路,交叉路口,交叉路口內,柏油,乾燥,無缺陷,無障礙物,良好,良好,閃光號誌,正常,雙向禁止超車線,無標記,未繪設車道線,未繪設快慢車道分隔線,有,車與車,其他,駕駛人,未依規定讓車,死亡1;受傷0,3,小貨車(含客、貨兩用),自用,男,58,戴安全帽或繫安全帶(使用幼童安全椅),未使用,車的狀態,靜止(引擎熄火),其他,不明,其他,不明,其他,違規停車或暫停不當而肇事,否,120.308975,23.500443
2018,12,20181203,093900,A1,嘉義縣警察局,嘉義縣布袋鎮江山里產業道路考試潭55電力桿對面,晴,日間自然光線,其他,40,單路部分,直路,路段,路肩、路緣,柏油,乾燥,無缺陷,無障礙物,良好,良好,無號誌,無號誌,無,無分向設施,未繪設車道線,未繪設快慢車道分隔線,無,汽(機)車本身,衝出路外,駕駛人,未注意車前狀態,死亡1;受傷0,2,,,無或物(動物、堆置物),-1,,,,,,,,,無(非車輛駕駛人因素),尚未發現肇事因素,否,120.200320,23.399912
2018,12,20181203,093900,A1,嘉義縣警察局,嘉義縣布袋鎮江山里產業道路考試潭55電力桿對面,晴,日間自然光線,其他,40,單路部分,直路,路段,路肩、路緣,柏油,乾燥,無缺陷,無障礙物,良好,良好,無號誌,無號誌,無,無分向設施,未繪設車道線,未繪設快慢車道分隔線,無,汽(機)車本身,衝出路外,駕駛人,未注意車前狀態,死亡1;受傷0,1,機車,普通重型,女,80,未戴案全帽或未繫安全帶(未使用幼童安全椅),不明,車的狀態,向前直行中,其他,不明,,,駕駛人,未注意車前狀態,否,120.200320,23.399912
2018,12,20181203,105300,A1,高雄市政府警察局,高雄市左營區村富民路 / 高雄市左營區大順一路,晴,日間自然光線,市區道路,50,交岔路,三岔路,交叉路口,交叉路口內,柏油,乾燥,無缺陷,無障礙物,良好,良好,行車管制號誌,正常,中央分向島,寛式(50公分以上),車道線(無標記),快慢車道分隔線,無,人與汽(機)車,穿越道路中,駕駛人,未注意車前狀態,死亡1;受傷2,1,機車,普通重型,男,18,戴安全帽或繫安全帶(使用幼童安全椅),未使用,車的狀態,向前直行中,機車,前車頭,機車,前車頭,駕駛人,未注意車前狀態,否,120.305207,22.656551
2018,12,20181203,105300,A1,高雄市政府警察局,高雄市左營區村富民路 / 高雄市左營區大順一路,晴,日間自然光線,市區道路,50,交岔路,三岔路,交叉路口,交叉路口內,柏油,乾燥,無缺陷,無障礙物,良好,良好,行車管制號誌,正常,中央分向島,寛式(50公分以上),車道線(無標記),快慢車道分隔線,無,人與汽(機)車,穿越道路中,駕駛人,未注意車前狀態,死亡1;受傷2,2,人,行人,女,82,其他(行人、慢車駕駛人),非汽(機)車駕駛人,人的狀態,步行,其他,非汽(機)車,其他,非汽(機)車,無(非車輛駕駛人因素),尚未發現肇事因素,否,120.305207,22.656551
2018,12,20181203,105300,A1,高雄市政府警察局,高雄市左營區村富民路 / 高雄市左營區大順一路,晴,日間自然光線,市區道路,50,交岔路,三岔路,交叉路口,交叉路口內,柏油,乾燥,無缺陷,無障礙物,良好,良好,行車管制號誌,正常,中央分向島,寛式(50公分以上),車道線(無標記),快慢車道分隔線,無,人與汽(機)車,穿越道路中,駕駛人,未注意車前狀態,死亡1;受傷2,3,人,乘客,女,18,戴安全帽或繫安全帶(使用幼童安全椅),非汽(機)車駕駛人,人的狀態,靜立(止),其他,非汽(機)車,其他,非汽(機)車,無(非車輛駕駛人因素),尚未發現肇事因素,否,120.305207,22.656551
2018,12,20181204,052800,A1,彰化縣警察局,彰化縣彰化市福山里彰南路1段 / 彰化縣彰化市福山里福東街,晴,夜間(或隧道、地下道、涵洞)有照明,市區道路,50,交岔路,四岔路,交叉路口,交叉路口內,柏油,乾燥,無缺陷,無障礙物,良好,良好,閃光號誌,正常,中央分向島,寛式(50公分以上),車道線(無標記),快慢車道分隔線,有,車與車,側撞,駕駛人,逆向行駛,死亡1;受傷0,1,慢車,腳踏自行車,男,79,其他(行人、慢車駕駛人),非汽(機)車駕駛人,車的狀態,向前直行中,其他,非汽(機)車,,,駕駛人,逆向行駛,否,120.576665,24.085488
2018,12,20181204,052800,A1,彰化縣警察局,彰化縣彰化市福山里彰南路1段 / 彰化縣彰化市福山里福東街,晴,夜間(或隧道、地下道、涵洞)有照明,市區道路,50,交岔路,四岔路,交叉路口,交叉路口內,柏油,乾燥,無缺陷,無障礙物,良好,良好,閃光號誌,正常,中央分向島,寛式(50公分以上),車道線(無標記),快慢車道分隔線,有,車與車,側撞,駕駛人,逆向行駛,死亡1;受傷0,2,小貨車(含客、貨兩用),營業用,男,36,戴安全帽或繫安全帶(使用幼童安全椅),未使用,車的狀態,右轉彎,汽車,前車頭,,,駕駛人,未注意車前狀態,否,120.576665,24.085488
2018,12,20181204,065000,A1,花蓮縣警察局,花蓮縣秀林鄉台9線 174公里600.0公尺處東側向中線,晴,日間自然光線,省道,40,單路部分,彎曲路及附近,路段,一般車道(未劃分快慢車道),柏油,乾燥,無缺陷,無障礙物,良好,良好,無號誌,無號誌,雙向禁止超車線,附標記,未繪設車道線,未繪設快慢車道分隔線,有,車與車,對向擦撞,駕駛人,酒醉(後)駕駛失控,死亡1;受傷0,1,機車,普通重型,男,49,戴安全帽或繫安全帶(使用幼童安全椅),未使用,車的狀態,向前直行中,機車,前車頭,,,駕駛人,酒醉(後)駕駛失控,否,121.670280,24.208150
2018,12,20181204,065000,A1,花蓮縣警察局,花蓮縣秀林鄉台9線 174公里600.0公尺處東側向中線,晴,日間自然光線,省道,40,單路部分,彎曲路及附近,路段,一般車道(未劃分快慢車道),柏油,乾燥,無缺陷,無障礙物,良好,良好,無號誌,無號誌,雙向禁止超車線,附標記,未繪設車道線,未繪設快慢車道分隔線,有,車與車,對向擦撞,駕駛人,酒醉(後)駕駛失控,死亡1;受傷0,2,大貨車,營業用,男,33,戴安全帽或繫安全帶(使用幼童安全椅),未使用,車的狀態,向前直行中,汽車,左前車頭(身),,,無(車輛駕駛人因素),尚未發現肇事因素,否,121.670280,24.208150
2018,12,20181204,075200,A1,苗栗縣警察局,苗栗縣通霄鎮通南里中山路口 / 苗栗縣通霄鎮通南里南華路口,晴,日間自然光線,鄉道,50,交岔路,四岔路,路段,快車道,柏油,乾燥,無缺陷,無障礙物,良好,良好,行車管制號誌,正常,雙向禁止超車線,無標記,車道線(無標記),快慢車道分隔線,有,車與車,側撞,駕駛人,逆向行駛,死亡1;受傷1,2,小客車,自用,男,31,戴安全帽或繫安全帶(使用幼童安全椅),未使用,車的狀態,向前直行中,汽車,前車頭,,,駕駛人,未注意車前狀態,否,120.675722,24.481903
2018,12,20181204,075200,A1,苗栗縣警察局,苗栗縣通霄鎮通南里中山路口 / 苗栗縣通霄鎮通南里南華路口,晴,日間自然光線,鄉道,50,交岔路,四岔路,路段,快車道,柏油,乾燥,無缺陷,無障礙物,良好,良好,行車管制號誌,正常,雙向禁止超車線,無標記,車道線(無標記),快慢車道分隔線,有,車與車,側撞,駕駛人,逆向行駛,死亡1;受傷1,1,機車,普通重型,男,80,戴安全帽或繫安全帶(使用幼童安全椅),未使用,車的狀態,迴轉或橫越道路中,機車,右側車身,,,駕駛人,逆向行駛,否,120.675722,24.481903
2018,12,20181204,090400,A1,新北市政府警察局,新北市淡水區坪頂路前0.0公尺,晴,日間自然光線,鄉道,40,單路部分,直路,路段,一般車道(未劃分快慢車道),柏油,乾燥,無缺陷,無障礙物,良好,良好,無號誌,無號誌,雙向禁止超車線,無標記,車道線(無標記),未繪設快慢車道分隔線,有,汽(機)車本身,其他,其他,其他引起事故之違規或不當行為,死亡1;受傷0,2,,,無或物(動物、堆置物),0,,,,,,,,,無(非車輛駕駛人因素),尚未發現肇事因素,否,121.457658,25.162564
2018,12,20181204,090400,A1,新北市政府警察局,新北市淡水區坪頂路前0.0公尺,晴,日間自然光線,鄉道,40,單路部分,直路,路段,一般車道(未劃分快慢車道),柏油,乾燥,無缺陷,無障礙物,良好,良好,無號誌,無號誌,雙向禁止超車線,無標記,車道線(無標記),未繪設快慢車道分隔線,有,汽(機)車本身,其他,其他,其他引起事故之違規或不當行為,死亡1;受傷0,1,機車,普通重型,女,26,戴安全帽或繫安全帶(使用幼童安全椅),未使用,車的狀態,向前直行中,機車,前車頭,機車,前車頭,其他,其他引起事故之違規或不當行為,否,121.457658,25.162564
2018,12,20181204,090400,A1,新北市政府警察局,新北市淡水區坪頂路前0.0公尺,晴,日間自然光線,鄉道,40,單路部分,直路,路段,一般車道(未劃分快慢車道),柏油,乾燥,無缺陷,無障礙物,良好,良好,無號誌,無號誌,雙向禁止超車線,無標記,車道線(無標記),未繪設快慢車道分隔線,有,汽(機)車本身,其他,其他,其他引起事故之違規或不當行為,死亡1;受傷0,3,大客車,遊覽車,男,61,戴安全帽或繫安全帶(使用幼童安全椅),未使用,車的狀態,向前直行中,汽車,右後車尾(身),汽車,右後車尾(身),無(車輛駕駛人因素),尚未發現肇事因素,否,121.457658,25.162564
2018,12,20181204,093400,A1,臺中市政府警察局,臺中市烏日區五光里環河路一段前0.0公尺,晴,日間自然光線,其他,60,交岔路,四岔路,交叉路口,交叉路口內,柏油,乾燥,無缺陷,無障礙物,良好,良好,行車管制號誌,正常,無,無分向設施,未繪設車道線,未繪設快慢車道分隔線,無,車與車,側撞,其他,不明原因肇事,死亡1;受傷0,2,機車,普通重型,男,72,未戴案全帽或未繫安全帶(未使用幼童安全椅),不明,車的狀態,起步,其他,不明,,,其他,不明原因肇事,否,120.646061,24.092526
2018,12,20181204,093400,A1,臺中市政府警察局,臺中市烏日區五光里環河路一段前0.0公尺,晴,日間自然光線,其他,60,交岔路,四岔路,交叉路口,交叉路口內,柏油,乾燥,無缺陷,無障礙物,良好,良好,行車管制號誌,正常,無,無分向設施,未繪設車道線,未繪設快慢車道分隔線,無,車與車,側撞,其他,不明原因肇事,死亡1;受傷0,1,小貨車(含客、貨兩用),營業用,男,39,戴安全帽或繫安全帶(使用幼童安全椅),未使用,車的狀態,向前直行中,汽車,右前車頭(身),,,其他,不明原因肇事,否,120.646061,24.092526
2018,12,20181204,094500,A1,彰化縣警察局,彰化縣彰化市文化里三民路 / 彰化縣彰化市文化里中民街,晴,日間自然光線,市區道路,50,交岔路,四岔路,其他,行人穿越道,柏油,乾燥,無缺陷,無障礙物,良好,良好,行車管制號誌,正常,雙向禁止超車線,無標記,未繪設車道線,未繪設快慢車道分隔線,有,人與汽(機)車,穿越道路中,駕駛人,搶越行人穿越道,死亡1;受傷0,2,人,行人,女,81,其他(行人、慢車駕駛人),非汽(機)車駕駛人,人的狀態,步行,其他,非汽(機)車,,,無(非車輛駕駛人因素),尚未發現肇事因素,否,120.546958,24.085950
2018,12,20181204,094500,A1,彰化縣警察局,彰化縣彰化市文化里三民路 / 彰化縣彰化市文化里中民街,晴,日間自然光線,市區道路,50,交岔路,四岔路,其他,行人穿越道,柏油,乾燥,無缺陷,無障礙物,良好,良好,行車管制號誌,正常,雙向禁止超車線,無標記,未繪設車道線,未繪設快慢車道分隔線,有,人與汽(機)車,穿越道路中,駕駛人,搶越行人穿越道,死亡1;受傷0,1,小貨車(含客、貨兩用),自用,男,45,戴安全帽或繫安全帶(使用幼童安全椅),未使用,車的狀態,左轉彎,汽車,前車頭,,,駕駛人,搶越行人穿越道,否,120.546958,24.085950
2018,12,20181204,173045,A1,桃園市政府警察局,桃園市蘆竹區長春路50號前,晴,夜間(或隧道、地下道、涵洞)有照明,市區道路,50,單路部分,彎曲路及附近,路段,一般車道(未劃分快慢車道),柏油,乾燥,無缺陷,無障礙物,良好,良好,無號誌,無號誌,行車分向線,無標記,未繪設車道線,未繪設快慢車道分隔線,有,車與車,其他,駕駛人,未依規定讓車,死亡1;受傷2,1,機車,普通重型,男,31,戴安全帽或繫安全帶(使用幼童安全椅),未使用,車的狀態,左轉彎,機車,前車頭,,,駕駛人,未依規定讓車,否,121.298139,25.051659
2018,12,20181204,173045,A1,桃園市政府警察局,桃園市蘆竹區長春路50號前,晴,夜間(或隧道、地下道、涵洞)有照明,市區道路,50,單路部分,彎曲路及附近,路段,一般車道(未劃分快慢車道),柏油,乾燥,無缺陷,無障礙物,良好,良好,無號誌,無號誌,行車分向線,無標記,未繪設車道線,未繪設快慢車道分隔線,有,車與車,其他,駕駛人,未依規定讓車,死亡1;受傷2,2,機車,普通重型,男,35,戴安全帽或繫安全帶(使用幼童安全椅),未使用,車的狀態,向前直行中,機車,前車頭,,,駕駛人,未注意車前狀態,否,121.298139,25.051659
2018,12,20181204,173045,A1,桃園市政府警察局,桃園市蘆竹區長春路50號前,晴,夜間(或隧道、地下道、涵洞)有照明,市區道路,50,單路部分,彎曲路及附近,路段,一般車道(未劃分快慢車道),柏油,乾燥,無缺陷,無障礙物,良好,良好,無號誌,無號誌,行車分向線,無標記,未繪設車道線,未繪設快慢車道分隔線,有,車與車,其他,駕駛人,未依規定讓車,死亡1;受傷2,3,人,乘客,女,4,戴安全帽或繫安全帶(使用幼童安全椅),非汽(機)車駕駛人,人的狀態,其他,其他,非汽(機)車,,,無(非車輛駕駛人因素),尚未發現肇事因素,否,121.298139,25.051659
2018,12,20181204,180000,A1,臺南市政府警察局,臺南市東區自由路2段北側 / 臺南市東區自由路2段,晴,夜間(或隧道、地下道、涵洞)有照明,市區道路,50,交岔路,三岔路,交叉路口,交叉路口內,柏油,乾燥,無缺陷,無障礙物,良好,良好,閃光號誌,正常,無,無分向設施,未繪設車道線,未繪設快慢車道分隔線,無,人與汽(機)車,穿越道路中,駕駛人,未注意車前狀態,死亡1;受傷1,1,機車,普通重型,男,34,戴安全帽或繫安全帶(使用幼童安全椅),未使用,車的狀態,向前直行中,機車,前車頭,,,駕駛人,未注意車前狀態,否,120.237534,22.973295
2018,12,20181204,180000,A1,臺南市政府警察局,臺南市東區自由路2段北側 / 臺南市東區自由路2段,晴,夜間(或隧道、地下道、涵洞)有照明,市區道路,50,交岔路,三岔路,交叉路口,交叉路口內,柏油,乾燥,無缺陷,無障礙物,良好,良好,閃光號誌,正常,無,無分向設施,未繪設車道線,未繪設快慢車道分隔線,無,人與汽(機)車,穿越道路中,駕駛人,未注意車前狀態,死亡1;受傷1,2,人,行人,男,89,其他(行人、慢車駕駛人),非汽(機)車駕駛人,人的狀態,步行,其他,非汽(機)車,,,行人(或乘客),未依規定行走行人穿越道、地下道、天橋而穿越道路,否,120.237534,22.973295
2018,12,20181204,180649,A1,苗栗縣警察局,苗栗縣南庄鄉田美村2鄰田美44號,晴,日間自然光線,村里道路,60,單路部分,直路,路段,一般車道(未劃分快慢車道),柏油,乾燥,無缺陷,無障礙物,良好,良好,無號誌,無號誌,雙向禁止超車線,無標記,車道線(無標記),未繪設快慢車道分隔線,有,車與車,追撞,駕駛人,未注意車前狀態,死亡1;受傷0,2,機車,普通重型,女,37,戴安全帽或繫安全帶(使用幼童安全椅),未使用,車的狀態,向前直行中,機車,前車頭,機車,前車頭,駕駛人,未注意車前狀態,否,121.011614,24.611250
2018,12,20181204,180649,A1,苗栗縣警察局,苗栗縣南庄鄉田美村2鄰田美44號,晴,日間自然光線,村里道路,60,單路部分,直路,路段,一般車道(未劃分快慢車道),柏油,乾燥,無缺陷,無障礙物,良好,良好,無號誌,無號誌,雙向禁止超車線,無標記,車道線(無標記),未繪設快慢車道分隔線,有,車與車,追撞,駕駛人,未注意車前狀態,死亡1;受傷0,1,小貨車(含客、貨兩用),自用,男,77,戴安全帽或繫安全帶(使用幼童安全椅),未使用,車的狀態,左轉彎,汽車,前車頭,汽車,前車頭,駕駛人,未注意車前狀態,否,121.011614,24.611250
2018,12,20181205,044200,A1,新北市政府警察局,新北市貢寮區臺2線道路前0.0公尺,陰,夜間(或隧道、地下道、涵洞)有照明,市區道路,50,單路部分,彎曲路及附近,路段,一般車道(未劃分快慢車道),柏油,乾燥,無缺陷,無障礙物,良好,良好,無號誌,無號誌,雙向禁止超車線,無標記,未繪設車道線,未繪設快慢車道分隔線,有,汽(機)車本身,路上翻車、摔倒,駕駛人,未依規定減速,死亡1;受傷0,2,,,無或物(動物、堆置物),0,,,,,,,,,交通管制(設施),路況危險無安全(警告)設施,否,121.944716,25.015890
2018,12,20181205,044200,A1,新北市政府警察局,新北市貢寮區臺2線道路前0.0公尺,陰,夜間(或隧道、地下道、涵洞)有照明,市區道路,50,單路部分,彎曲路及附近,路段,一般車道(未劃分快慢車道),柏油,乾燥,無缺陷,無障礙物,良好,良好,無號誌,無號誌,雙向禁止超車線,無標記,未繪設車道線,未繪設快慢車道分隔線,有,汽(機)車本身,路上翻車、摔倒,駕駛人,未依規定減速,死亡1;受傷0,1,曳引車,營業用,男,42,戴安全帽或繫安全帶(使用幼童安全椅),未使用,車的狀態,右轉彎,汽車,前車頭,汽車,前車頭,駕駛人,未依規定減速,否,121.944716,25.015890
2018,12,20181205,073514,A1,南投縣政府警察局,南投縣南投市千秋路222號附近(路燈12074號),晴,日間自然光線,市區道路,50,單路部分,直路,路段,一般車道(未劃分快慢車道),柏油,乾燥,無缺陷,無障礙物,良好,良好,無號誌,無號誌,行車分向線,無標記,車道線(無標記),未繪設快慢車道分隔線,有,汽(機)車本身,路上翻車、摔倒,其他,其他引起事故之違規或不當行為,死亡1;受傷0,2,,,無或物(動物、堆置物),-1,,,,,,,,,無(非車輛駕駛人因素),尚未發現肇事因素,否,120.701436,23.893743
2018,12,20181205,073514,A1,南投縣政府警察局,南投縣南投市千秋路222號附近(路燈12074號),晴,日間自然光線,市區道路,50,單路部分,直路,路段,一般車道(未劃分快慢車道),柏油,乾燥,無缺陷,無障礙物,良好,良好,無號誌,無號誌,行車分向線,無標記,車道線(無標記),未繪設快慢車道分隔線,有,汽(機)車本身,路上翻車、摔倒,其他,其他引起事故之違規或不當行為,死亡1;受傷0,1,機車,普通重型,女,63,戴安全帽或繫安全帶(使用幼童安全椅),未使用,車的狀態,向前直行中,機車,右側車身,機車,前車頭,其他,其他引起事故之違規或不當行為,否,120.701436,23.893743