發生年度,發生月份,發生日期,發生時間,事故類別名稱,處理單位名稱警局層,發生地點,天候名稱,光線名稱,道路類別-第1當事者-名稱,速限-第1當事者,道路型態大類別名稱,道路型態子類別名稱,事故位置大類別名稱,事故位置子類別名稱,路面狀況-路面鋪裝名稱,路面狀況-路面狀態名稱,路面狀況-路面缺陷名稱,道路障礙-障礙物名稱,道路障礙-視距品質名稱,道路障礙-視距名稱,號誌-號誌種類名稱,號誌-號誌動作名稱,車道劃分設施-分向設施大類別名稱,車道劃分設施-分向設施子類別名稱,車道劃分設施-分道設施-快車道或一般車道間名稱,車道劃分設施-分道設施-快慢車道間名稱,車道劃分設施-分道設施-路面邊線名稱,事故類型及型態大類別名稱,事故類型及型態子類別名稱,肇因研判大類別名稱-主要,肇因研判子類別名稱-主要,死亡受傷人數,當事者順位,當事者區分-類別-大類別名稱-車種,當事者區分-類別-子類別名稱-車種,當事者屬-性-別名稱,當事者事故發生時年齡,保護裝備名稱,行動電話或電腦或其他相類功能裝置名稱,當事者行動狀態大類別名稱,當事者行動狀態子類別名稱,車輛撞擊部位大類別名稱-最初,車輛撞擊部位子類別名稱-最初,車輛撞擊部位大類別名稱-其他,車輛撞擊部位子類別名稱-其他,肇因研判大類別名稱-個別,肇因研判子類別名稱-個別,肇事逃逸類別名稱-是否肇逃,經度,緯度
2018,12,20181216,141629,A1,屏東縣政府警察局,屏東縣新園鄉仙吉路793號旁,晴,日間自然光線,省道,60,交岔路,多岔路,交叉路口,交叉口附近,柏油,乾燥,無缺陷,無障礙物,良好,良好,行車管制號誌,正常,中央分向島,寛式(50公分以上),車道線(附標記),快慢車道分隔線,有,車與車,路口交岔撞,駕駛人,違反號誌管制或指揮,死亡1;受傷0,1,慢車,腳踏自行車,男,80,戴安全帽或繫安全帶(使用幼童安全椅),未使用,車的狀態,向前直行中,其他,非汽(機)車,,,駕駛人,違反號誌管制或指揮,否,120.469779,22.558079
2018,12,20181216,155700,A1,臺南市政府警察局,臺南市新化區𦰡拔里區道南177線口 / 臺南市新化區𦰡拔里無名道路,晴,日間自然光線,縣道,50,交岔路,四岔路,交叉路口,交叉路口內,柏油,乾燥,無缺陷,無障礙物,良好,良好,無號誌,無號誌,無,無分向設施,未繪設車道線,未繪設快慢車道分隔線,無,車與車,側撞,其他,不明原因肇事,死亡1;受傷3,1,小客車,自用,男,73,未戴案全帽或未繫安全帶(未使用幼童安全椅),不明,車的狀態,向前直行中,汽車,前車頭,,,其他,不明原因肇事,否,120.342210,23.069670
2018,12,20181216,155700,A1,臺南市政府警察局,臺南市新化區𦰡拔里區道南177線口 / 臺南市新化區𦰡拔里無名道路,晴,日間自然光線,縣道,50,交岔路,四岔路,交叉路口,交叉路口內,柏油,乾燥,無缺陷,無障礙物,良好,良好,無號誌,無號誌,無,無分向設施,未繪設車道線,未繪設快慢車道分隔線,無,車與車,側撞,其他,不明原因肇事,死亡1;受傷3,4,人,乘客,女,59,戴安全帽或繫安全帶(使用幼童安全椅),未使用,人的狀態,不明,其他,非汽(機)車,,,無(非車輛駕駛人因素),尚未發現肇事因素,否,120.342210,23.069670
2018,12,20181216,155700,A1,臺南市政府警察局,臺南市新化區𦰡拔里區道南177線口 / 臺南市新化區𦰡拔里無名道路,晴,日間自然光線,縣道,50,交岔路,四岔路,交叉路口,交叉路口內,柏油,乾燥,無缺陷,無障礙物,良好,良好,無號誌,無號誌,無,無分向設施,未繪設車道線,未繪設快慢車道分隔線,無,車與車,側撞,其他,不明原因肇事,死亡1;受傷3,3,人,乘客,女,68,未戴案全帽或未繫安全帶(未使用幼童安全椅),未使用,人的狀態,不明,其他,非汽(機)車,,,無(非車輛駕駛人因素),尚未發現肇事因素,否,120.342210,23.069670
2018,12,20181216,155700,A1,臺南市政府警察局,臺南市新化區𦰡拔里區道南177線口 / 臺南市新化區𦰡拔里無名道路,晴,日間自然光線,縣道,50,交岔路,四岔路,交叉路口,交叉路口內,柏油,乾燥,無缺陷,無障礙物,良好,良好,無號誌,無號誌,無,無分向設施,未繪設車道線,未繪設快慢車道分隔線,無,車與車,側撞,其他,不明原因肇事,死亡1;受傷3,2,機車,普通重型,男,65,戴安全帽或繫安全帶(使用幼童安全椅),未使用,車的狀態,向前直行中,機車,左側車身,,,無(車輛駕駛人因素),尚未發現肇事因素,否,120.342210,23.069670
2018,12,20181217,173033,A1,臺南市政府警察局,臺南市柳營區人和里柳營路南往北方向(急水溪橋南側防汛道路口),晴,晨或暮光,市區道路,50,交岔路,四岔路,交叉路口,交叉路口內,柏油,乾燥,無缺陷,無障礙物,良好,良好,無號誌,無號誌,無,無分向設施,未繪設車道線,未繪設快慢車道分隔線,無,車與車,路口交岔撞,駕駛人,起步未注意其他車(人)安全,死亡1;受傷1,2,小客車,自用,男,24,戴安全帽或繫安全帶(使用幼童安全椅),未使用,車的狀態,向前直行中,汽車,前車頭,汽車,前車頭,駕駛人,未注意車前狀態,否,120.312506,23.291384
2018,12,20181217,173033,A1,臺南市政府警察局,臺南市柳營區人和里柳營路南往北方向(急水溪橋南側防汛道路口),晴,晨或暮光,市區道路,50,交岔路,四岔路,交叉路口,交叉路口內,柏油,乾燥,無缺陷,無障礙物,良好,良好,無號誌,無號誌,無,無分向設施,未繪設車道線,未繪設快慢車道分隔線,無,車與車,路口交岔撞,駕駛人,起步未注意其他車(人)安全,死亡1;受傷1,1,機車,普通重型,男,47,未戴案全帽或未繫安全帶(未使用幼童安全椅),未使用,車的狀態,起步,機車,右側車身,機車,右側車身,駕駛人,起步未注意其他車(人)安全,否,120.312506,23.291384
2018,12,20181217,173033,A1,臺南市政府警察局,臺南市柳營區人和里柳營路南往北方向(急水溪橋南側防汛道路口),晴,晨或暮光,市區道路,50,交岔路,四岔路,交叉路口,交叉路口內,柏油,乾燥,無缺陷,無障礙物,良好,良好,無號誌,無號誌,無,無分向設施,未繪設車道線,未繪設快慢車道分隔線,無,車與車,路口交岔撞,駕駛人,起步未注意其他車(人)安全,死亡1;受傷1,3,人,乘客,女,42,未戴案全帽或未繫安全帶(未使用幼童安全椅),非汽(機)車駕駛人,人的狀態,其他,其他,非汽(機)車,其他,非汽(機)車,無(非車輛駕駛人因素),尚未發現肇事因素,否,120.312506,23.291384
2018,12,20181217,221501,A1,臺南市政府警察局,臺南市將軍區南26 2公里400.0公尺處南側向路肩,陰,夜間(或隧道、地下道、涵洞)有照明,市區道路,60,單路部分,直路,路段,路肩、路緣,柏油,乾燥,無缺陷,無障礙物,良好,良好,無號誌,無號誌,雙向禁止超車線,附標記,車道線(無標記),未繪設快慢車道分隔線,有,汽(機)車本身,撞路樹、電桿,駕駛人,未注意車前狀態,死亡1;受傷0,2,,,無或物(動物、堆置物),-1,,,,,,,,,無(非車輛駕駛人因素),尚未發現肇事因素,否,120.115004,23.190621
2018,12,20181217,221501,A1,臺南市政府警察局,臺南市將軍區南26 2公里400.0公尺處南側向路肩,陰,夜間(或隧道、地下道、涵洞)有照明,市區道路,60,單路部分,直路,路段,路肩、路緣,柏油,乾燥,無缺陷,無障礙物,良好,良好,無號誌,無號誌,雙向禁止超車線,附標記,車道線(無標記),未繪設快慢車道分隔線,有,汽(機)車本身,撞路樹、電桿,駕駛人,未注意車前狀態,死亡1;受傷0,1,機車,普通重型,男,22,未戴案全帽或未繫安全帶(未使用幼童安全椅),不明,車的狀態,向前直行中,機車,前車頭,,,駕駛人,未注意車前狀態,否,120.115004,23.190621
2018,12,20181218,004500,A1,屏東縣政府警察局,屏東縣恆春鎮墾丁里墾丁路段,強風,夜間(或隧道、地下道、涵洞)有照明,省道,50,單路部分,彎曲路及附近,路段,慢車道,柏油,乾燥,無缺陷,無障礙物,良好,良好,無號誌,無號誌,雙向禁止超車線,附標記,禁止變換車道線(無標記),快慢車道分隔線,有,汽(機)車本身,衝出路外,駕駛人,酒醉(後)駕駛失控,死亡1;受傷0,2,,,無或物(動物、堆置物),-1,,,,,,,,,無(非車輛駕駛人因素),尚未發現肇事因素,否,120.787325,21.945929
2018,12,20181218,004500,A1,屏東縣政府警察局,屏東縣恆春鎮墾丁里墾丁路段,強風,夜間(或隧道、地下道、涵洞)有照明,省道,50,單路部分,彎曲路及附近,路段,慢車道,柏油,乾燥,無缺陷,無障礙物,良好,良好,無號誌,無號誌,雙向禁止超車線,附標記,禁止變換車道線(無標記),快慢車道分隔線,有,汽(機)車本身,衝出路外,駕駛人,酒醉(後)駕駛失控,死亡1;受傷0,1,機車,普通重型,男,25,不明,不明,人的狀態,不明,機車,右側車身,,,駕駛人,酒醉(後)駕駛失控,否,120.787325,21.945929
2018,12,20181218,055800,A1,臺中市政府警察局,臺中市大雅區員林里中清路四段70巷口弄前0.0公尺,晴,夜間(或隧道、地下道、涵洞)有照明,市區道路,70,交岔路,四岔路,交叉路口,交叉路口內,柏油,乾燥,無缺陷,無障礙物,良好,良好,閃光號誌,正常,行車分向線,無標記,車道線(無標記),快慢車道分隔線,有,車與車,其他,駕駛人,未注意車前狀態,死亡1;受傷0,2,機車,普通重型,男,70,戴安全帽或繫安全帶(使用幼童安全椅),未使用,車的狀態,迴轉或橫越道路中,機車,左側車身,,,駕駛人,未依規定讓車,否,120.644350,24.227140
2018,12,20181218,055800,A1,臺中市政府警察局,臺中市大雅區員林里中清路四段70巷口弄前0.0公尺,晴,夜間(或隧道、地下道、涵洞)有照明,市區道路,70,交岔路,四岔路,交叉路口,交叉路口內,柏油,乾燥,無缺陷,無障礙物,良好,良好,閃光號誌,正常,行車分向線,無標記,車道線(無標記),快慢車道分隔線,有,車與車,其他,駕駛人,未注意車前狀態,死亡1;受傷0,1,小貨車(含客、貨兩用),自用,男,66,戴安全帽或繫安全帶(使用幼童安全椅),未使用,車的狀態,向前直行中,汽車,前車頭,,,駕駛人,未注意車前狀態,否,120.644350,24.227140
2018,12,20181218,091715,A1,屏東縣政府警察局,屏東縣恆春鎮省北路二段與虎頭路路口前,晴,日間自然光線,省道,70,交岔路,四岔路,交叉路口,交叉路口內,柏油,乾燥,無缺陷,無障礙物,良好,良好,行車管制號誌,無動作,行車分向線,無標記,車道線(無標記),快慢車道分隔線,有,車與車,側撞,駕駛人,未注意車前狀態,死亡1;受傷0,2,機車,普通重型,男,62,戴安全帽或繫安全帶(使用幼童安全椅),未使用,車的狀態,向前直行中,機車,前車頭,機車,右側車身,駕駛人,未注意車前狀態,否,120.737538,22.037558
2018,12,20181218,091715,A1,屏東縣政府警察局,屏東縣恆春鎮省北路二段與虎頭路路口前,晴,日間自然光線,省道,70,交岔路,四岔路,交叉路口,交叉路口內,柏油,乾燥,無缺陷,無障礙物,良好,良好,行車管制號誌,無動作,行車分向線,無標記,車道線(無標記),快慢車道分隔線,有,車與車,側撞,駕駛人,未注意車前狀態,死亡1;受傷0,1,小貨車(含客、貨兩用),自用,男,75,戴安全帽或繫安全帶(使用幼童安全椅),未使用,車的狀態,向前直行中,汽車,前車頭,汽車,前車頭,駕駛人,未注意車前狀態,否,120.737538,22.037558
2018,12,20181218,175100,A1,高雄市政府警察局,高雄市苓雅區村林森二路 / 高雄市苓雅區中興街,晴,夜間(或隧道、地下道、涵洞)有照明,市區道路,40,交岔路,四岔路,交叉路口,交叉路口內,柏油,乾燥,無缺陷,無障礙物,良好,良好,無號誌,無號誌,雙向禁止超車線,無標記,未繪設車道線,快慢車道分隔線,無,車與車,路口交岔撞,駕駛人,未依規定讓車,死亡1;受傷1,1,機車,普通重型,男,76,戴安全帽或繫安全帶(使用幼童安全椅),不明,人的狀態,不明,其他,不明,其他,不明,駕駛人,未依規定讓車,否,120.306473,22.620566
2018,12,20181218,175100,A1,高雄市政府警察局,高雄市苓雅區村林森二路 / 高雄市苓雅區中興街,晴,夜間(或隧道、地下道、涵洞)有照明,市區道路,40,交岔路,四岔路,交叉路口,交叉路口內,柏油,乾燥,無缺陷,無障礙物,良好,良好,無號誌,無號誌,雙向禁止超車線,無標記,未繪設車道線,快慢車道分隔線,無,車與車,路口交岔撞,駕駛人,未依規定讓車,死亡1;受傷1,2,機車,普通重型,男,23,戴安全帽或繫安全帶(使用幼童安全椅),未使用,車的狀態,向前直行中,機車,前車頭,機車,前車頭,駕駛人,未依規定減速,否,120.306473,22.620566
2018,12,20181218,175100,A1,高雄市政府警察局,高雄市苓雅區村林森二路 / 高雄市苓雅區中興街,晴,夜間(或隧道、地下道、涵洞)有照明,市區道路,40,交岔路,四岔路,交叉路口,交叉路口內,柏油,乾燥,無缺陷,無障礙物,良好,良好,無號誌,無號誌,雙向禁止超車線,無標記,未繪設車道線,快慢車道分隔線,無,車與車,路口交岔撞,駕駛人,未依規定讓車,死亡1;受傷1,3,小客車,自用,女,36,戴安全帽或繫安全帶(使用幼童安全椅),未使用,車的狀態,靜止(引擎熄火),汽車,後車尾,汽車,後車尾,其他,其他引起事故之違規或不當行為,否,120.306473,22.620566
2018,12,20181219,022000,A1,屏東縣政府警察局,屏東縣長治鄉中興路635號前,晴,夜間(或隧道、地下道、涵洞)有照明,省道,50,單路部分,直路,路段,路肩、路緣,柏油,乾燥,無缺陷,無障礙物,良好,良好,閃光號誌,正常,雙向禁止超車線,附標記,車道線(無標記),未繪設快慢車道分隔線,有,汽(機)車本身,撞路樹、電桿,駕駛人,未注意車前狀態,死亡1;受傷0,2,,,無或物(動物、堆置物),-1,,,,,,,,,無(非車輛駕駛人因素),尚未發現肇事因素,否,120.548826,22.695088
2018,12,20181219,022000,A1,屏東縣政府警察局,屏東縣長治鄉中興路635號前,晴,夜間(或隧道、地下道、涵洞)有照明,省道,50,單路部分,直路,路段,路肩、路緣,柏油,乾燥,無缺陷,無障礙物,良好,良好,閃光號誌,正常,雙向禁止超車線,附標記,車道線(無標記),未繪設快慢車道分隔線,有,汽(機)車本身,撞路樹、電桿,駕駛人,未注意車前狀態,死亡1;受傷0,1,機車,普通重型,男,33,不明,未使用,車的狀態,向前直行中,機車,前車頭,,,駕駛人,未注意車前狀態,否,120.548826,22.695088
2018,12,20181219,081000,A1,新北市政府警察局,新北市三峽區成福路319之1號前0.0公尺,晴,日間自然光線,市區道路,40,單路部分,直路,路段,一般車道(未劃分快慢車道),柏油,乾燥,無缺陷,無障礙物,良好,良好,無號誌,無號誌,雙向禁止超車線,無標記,未繪設車道線,未繪設快慢車道分隔線,有,車與車,同向擦撞,駕駛人,未注意車前狀態,死亡1;受傷1,1,機車,普通重型,女,51,戴安全帽或繫安全帶(使用幼童安全椅),未使用,車的狀態,向前直行中,機車,前車頭,機車,前車頭,駕駛人,未注意車前狀態,否,121.427938,24.923526
2018,12,20181219,081000,A1,新北市政府警察局,新北市三峽區成福路319之1號前0.0公尺,晴,日間自然光線,市區道路,40,單路部分,直路,路段,一般車道(未劃分快慢車道),柏油,乾燥,無缺陷,無障礙物,良好,良好,無號誌,無號誌,雙向禁止超車線,無標記,未繪設車道線,未繪設快慢車道分隔線,有,車與車,同向擦撞,駕駛人,未注意車前狀態,死亡1;受傷1,2,機車,普通重型,男,23,戴安全帽或繫安全帶(使用幼童安全椅),未使用,車的狀態,向前直行中,機車,右側車身,機車,右側車身,其他,不明原因肇事,否,121.427938,24.923526
2018,12,20181219,122600,A1,高雄市政府警察局,高雄市杉林區村181縣道月光幹94號前0.0公尺前,晴,日間自然光線,市區道路,50,單路部分,直路,路段,一般車道(未劃分快慢車道),柏油,乾燥,無缺陷,無障礙物,良好,良好,無號誌,無號誌,雙向禁止超車線,無標記,未繪設車道線,未繪設快慢車道分隔線,有,汽(機)車本身,撞路樹、電桿,駕駛人,超速失控,死亡1;受傷0,2,,,無或物(動物、堆置物),107,,,,,,,,,無(非車輛駕駛人因素),尚未發現肇事因素,否,120.530300,22.932860
2018,12,20181219,122600,A1,高雄市政府警察局,高雄市杉林區村181縣道月光幹94號前0.0公尺前,晴,日間自然光線,市區道路,50,單路部分,直路,路段,一般車道(未劃分快慢車道),柏油,乾燥,無缺陷,無障礙物,良好,良好,無號誌,無號誌,雙向禁止超車線,無標記,未繪設車道線,未繪設快慢車道分隔線,有,汽(機)車本身,撞路樹、電桿,駕駛人,超速失控,死亡1;受傷0,1,小客車,自用,男,39,不明,不明,車的狀態,向前直行中,汽車,右側車身,汽車,右側車身,駕駛人,超速失控,否,120.530300,22.932860
2018,12,20181220,012400,A1,新北市政府警察局,新北市樹林區環漢路5段前0.0公尺,晴,夜間(或隧道、地下道、涵洞)有照明,市區道路,50,單路部分,彎曲路及附近,路段,慢車道,柏油,乾燥,無缺陷,無障礙物,良好,良好,無號誌,無號誌,雙向禁止超車線,無標記,未繪設車道線,快慢車道分隔線,有,汽(機)車本身,路上翻車、摔倒,駕駛人,未注意車前狀態,死亡1;受傷0,2,,,無或物(動物、堆置物),0,,,,,,,,,無(非車輛駕駛人因素),尚未發現肇事因素,否,121.435191,24.995727
2018,12,20181220,012400,A1,新北市政府警察局,新北市樹林區環漢路5段前0.0公尺,晴,夜間(或隧道、地下道、涵洞)有照明,市區道路,50,單路部分,彎曲路及附近,路段,慢車道,柏油,乾燥,無缺陷,無障礙物,良好,良好,無號誌,無號誌,雙向禁止超車線,無標記,未繪設車道線,快慢車道分隔線,有,汽(機)車本身,路上翻車、摔倒,駕駛人,未注意車前狀態,死亡1;受傷0,1,機車,普通重型,男,68,戴安全帽或繫安全帶(使用幼童安全椅),不明,車的狀態,向前直行中,機車,右側車身,機車,右側車身,駕駛人,未注意車前狀態,否,121.435191,24.995727
2018,12,20181220,071038,A1,苗栗縣警察局,苗栗縣竹南鎮仁愛路與保興街口,晴,日間自然光線,村里道路,50,交岔路,三岔路,交叉路口,交叉口附近,柏油,乾燥,無缺陷,無障礙物,良好,良好,無號誌,無號誌,單向禁止超車線,無標記,禁止變換車道線(無標記),未繪設快慢車道分隔線,有,車與車,側撞,駕駛人,左轉彎未依規定,死亡1;受傷0,2,機車,普通重型,男,45,戴安全帽或繫安全帶(使用幼童安全椅),未使用,車的狀態,右轉彎,機車,左側車身,,,駕駛人,未注意車前狀態,否,120.876721,24.715516
2018,12,20181220,071038,A1,苗栗縣警察局,苗栗縣竹南鎮仁愛路與保興街口,晴,日間自然光線,村里道路,50,交岔路,三岔路,交叉路口,交叉口附近,柏油,乾燥,無缺陷,無障礙物,良好,良好,無號誌,無號誌,單向禁止超車線,無標記,禁止變換車道線(無標記),未繪設快慢車道分隔線,有,車與車,側撞,駕駛人,左轉彎未依規定,死亡1;受傷0,1,大貨車,自用,男,58,戴安全帽或繫安全帶(使用幼童安全椅),未使用,車的狀態,左轉彎,汽車,左前車頭(身),,,駕駛人,左轉彎未依規定,否,120.876721,24.715516
2018,12,20181220,084300,A1,高雄市政府警察局,高雄市左營區里站前南路 / 高雄市左營區翠華路,晴,日間自然光線,市區道路,60,交岔路,三岔路,交叉路口,交叉路口內,柏油,乾燥,無缺陷,無障礙物,良好,良好,行車管制號誌,正常,無,無分向設施,未繪設車道線,未繪設快慢車道分隔線,無,車與車,側撞,駕駛人,未依規定讓車,死亡1;受傷0,2,機車,普通重型,男,35,不明,不明,車的狀態,向前直行中,機車,前車頭,機車,前車頭,無(車輛駕駛人因素),尚未發現肇事因素,否,120.302894,22.687303
2018,12,20181220,084300,A1,高雄市政府警察局,高雄市左營區里站前南路 / 高雄市左營區翠華路,晴,日間自然光線,市區道路,60,交岔路,三岔路,交叉路口,交叉路口內,柏油,乾燥,無缺陷,無障礙物,良好,良好,行車管制號誌,正常,無,無分向設施,未繪設車道線,未繪設快慢車道分隔線,無,車與車,側撞,駕駛人,未依規定讓車,死亡1;受傷0,1,小貨車(含客、貨兩用),自用,男,21,戴安全帽或繫安全帶(使用幼童安全椅),未使用,車的狀態,左轉彎,汽車,右後車尾(身),汽車,右後車尾(身),駕駛人,未依規定讓車,否,120.302894,22.687303
2018,12,20181220,123500,A1,彰化縣警察局,彰化縣埔鹽鄉埔鹽村中山路116號前0.0公尺前,晴,日間自然光線,村里道路,60,交岔路,四岔路,交叉路口,交叉路口內,柏油,乾燥,無缺陷,無障礙物,良好,良好,閃光號誌,正常,雙向禁止超車線,附標記,車道線(附標記),未繪設快慢車道分隔線,有,車與車,側撞,駕駛人,未依規定讓車,死亡1;受傷0,1,機車,普通重型,男,78,戴安全帽或繫安全帶(使用幼童安全椅),未使用,車的狀態,向前直行中,機車,左側車身,,,駕駛人,未依規定讓車,否,120.475452,24.001119
2018,12,20181220,123500,A1,彰化縣警察局,彰化縣埔鹽鄉埔鹽村中山路116號前0.0公尺前,晴,日間自然光線,村里道路,60,交岔路,四岔路,交叉路口,交叉路口內,柏油,乾燥,無缺陷,無障礙物,良好,良好,閃光號誌,正常,雙向禁止超車線,附標記,車道線(附標記),未繪設快慢車道分隔線,有,車與車,側撞,駕駛人,未依規定讓車,死亡1;受傷0,2,小貨車(含客、貨兩用),自用,男,32,戴安全帽或繫安全帶(使用幼童安全椅),未使用,車的狀態,向前直行中,汽車,前車頭,,,駕駛人,未依規定減速,否,120.475452,24.001119
2018,12,20181220,222000,A1,臺北市政府警察局,臺北市中山區新生高架道前0.0公尺,晴,夜間(或隧道、地下道、涵洞)有照明,市區道路,70,單路部分,高架道路,路段,交通島(含槽化線),柏油,乾燥,無缺陷,無障礙物,良好,良好,無號誌,無號誌,中央分向島,寛式(50公分以上),車道線(無標記),未繪設快慢車道分隔線,無,汽(機)車本身,撞交通島,其他,不明原因肇事,死亡1;受傷0,2,,,無或物(動物、堆置物),0,,,,,,,,,無(非車輛駕駛人因素),尚未發現肇事因素,否,121.527539,25.057342
2018,12,20181220,222000,A1,臺北市政府警察局,臺北市中山區新生高架道前0.0公尺,晴,夜間(或隧道、地下道、涵洞)有照明,市區道路,70,單路部分,高架道路,路段,交通島(含槽化線),柏油,乾燥,無缺陷,無障礙物,良好,良好,無號誌,無號誌,中央分向島,寛式(50公分以上),車道線(無標記),未繪設快慢車道分隔線,無,汽(機)車本身,撞交通島,其他,不明原因肇事,死亡1;受傷0,1,小客車,自用,男,73,不明,不明,人的狀態,不明,汽車,前車頭,汽車,前車頭,其他,不明原因肇事,否,121.527539,25.057342
2018,12,20181221,130300,A1,臺南市政府警察局,臺南市麻豆區麻口里市道176線西側 / 臺南市麻豆區麻口里區道南49線北側,晴,日間自然光線,市區道路,50,交岔路,四岔路,交叉路口,交叉路口內,柏油,乾燥,無缺陷,無障礙物,良好,良好,行車管制號誌,正常,無,無分向設施,未繪設車道線,未繪設快慢車道分隔線,無,車與車,側撞,駕駛人,未依規定讓車,死亡1;受傷1,1,機車,普通重型,女,34,戴安全帽或繫安全帶(使用幼童安全椅),未使用,車的狀態,左轉彎,機車,右側車身,,,駕駛人,未依規定讓車,否,120.219583,23.177075
2018,12,20181221,130300,A1,臺南市政府警察局,臺南市麻豆區麻口里市道176線西側 / 臺南市麻豆區麻口里區道南49線北側,晴,日間自然光線,市區道路,50,交岔路,四岔路,交叉路口,交叉路口內,柏油,乾燥,無缺陷,無障礙物,良好,良好,行車管制號誌,正常,無,無分向設施,未繪設車道線,未繪設快慢車道分隔線,無,車與車,側撞,駕駛人,未依規定讓車,死亡1;受傷1,2,機車,普通重型,女,16,戴安全帽或繫安全帶(使用幼童安全椅),未使用,車的狀態,向前直行中,機車,前車頭,,,駕駛人,未注意車前狀態,否,120.219583,23.177075
2018,12,20181221,155300,A1,臺南市政府警察局,臺南市柳營區人和里柳營路3段53號前0.0公尺口,晴,日間自然光線,市區道路,50,單路部分,直路,路段,快車道,柏油,乾燥,無缺陷,無障礙物,良好,良好,無號誌,無號誌,行車分向線,附標記,車道線(無標記),快慢車道分隔線,有,車與車,倒車撞,駕駛人,倒車未依規定,死亡1;受傷0,2,機車,普通重型,男,70,戴安全帽或繫安全帶(使用幼童安全椅),未使用,車的狀態,向前直行中,機車,前車頭,,,駕駛人,未注意車前狀態,否,120.312289,23.288313
2018,12,20181221,155300,A1,臺南市政府警察局,臺南市柳營區人和里柳營路3段53號前0.0公尺口,晴,日間自然光線,市區道路,50,單路部分,直路,路段,快車道,柏油,乾燥,無缺陷,無障礙物,良好,良好,無號誌,無號誌,行車分向線,附標記,車道線(無標記),快慢車道分隔線,有,車與車,倒車撞,駕駛人,倒車未依規定,死亡1;受傷0,1,小貨車(含客、貨兩用),自用,男,41,戴安全帽或繫安全帶(使用幼童安全椅),未使用,車的狀態,倒車,汽車,後車尾,,,駕駛人,倒車未依規定,否,120.312289,23.288313
2018,12,20181221,181421,A1,苗栗縣警察局,苗栗縣三灣鄉中正路91號前,晴,夜間(或隧道、地下道、涵洞)有照明,鄉道,50,單路部分,直路,路段,一般車道(未劃分快慢車道),柏油,乾燥,無缺陷,無障礙物,良好,良好,無號誌,無號誌,雙向禁止超車線,附標記,禁止變換車道線(附標記),未繪設快慢車道分隔線,有,車與車,對撞,駕駛人,未保持行車安全間隔,死亡1;受傷2,3,小客車,自用,女,35,不明,未使用,車的狀態,向前直行中,汽車,左前車頭(身),汽車,前車頭,駕駛人,未保持行車安全間隔,否,120.954988,24.651926
2018,12,20181221,181421,A1,苗栗縣警察局,苗栗縣三灣鄉中正路91號前,晴,夜間(或隧道、地下道、涵洞)有照明,鄉道,50,單路部分,直路,路段,一般車道(未劃分快慢車道),柏油,乾燥,無缺陷,無障礙物,良好,良好,無號誌,無號誌,雙向禁止超車線,附標記,禁止變換車道線(附標記),未繪設快慢車道分隔線,有,車與車,對撞,駕駛人,未保持行車安全間隔,死亡1;受傷2,2,小客車,自用,男,40,戴安全帽或繫安全帶(使用幼童安全椅),未使用,車的狀態,向前直行中,汽車,左前車頭(身),汽車,前車頭,駕駛人,爭(搶)道行駛,否,120.954988,24.651926
2018,12,20181221,181421,A1,苗栗縣警察局,苗栗縣三灣鄉中正路91號前,晴,夜間(或隧道、地下道、涵洞)有照明,鄉道,50,單路部分,直路,路段,一般車道(未劃分快慢車道),柏油,乾燥,無缺陷,無障礙物,良好,良好,無號誌,無號誌,雙向禁止超車線,附標記,禁止變換車道線(附標記),未繪設快慢車道分隔線,有,車與車,對撞,駕駛人,未保持行車安全間隔,死亡1;受傷2,4,小客車,自用,男,0,戴安全帽或繫安全帶(使用幼童安全椅),未使用,車的狀態,向前直行中,汽車,左前車頭(身),汽車,前車頭,駕駛人,未保持行車安全間隔,否,120.954988,24.651926
2018,12,20181221,181421,A1,苗栗縣警察局,苗栗縣三灣鄉中正路91號前,晴,夜間(或隧道、地下道、涵洞)有照明,鄉道,50,單路部分,直路,路段,一般車道(未劃分快慢車道),柏油,乾燥,無缺陷,無障礙物,良好,良好,無號誌,無號誌,雙向禁止超車線,附標記,禁止變換車道線(附標記),未繪設快慢車道分隔線,有,車與車,對撞,駕駛人,未保持行車安全間隔,死亡1;受傷2,1,小貨車(含客、貨兩用),自用,男,56,戴安全帽或繫安全帶(使用幼童安全椅),未使用,車的狀態,向前直行中,汽車,左前車頭(身),汽車,前車頭,駕駛人,未保持行車安全間隔,否,120.954988,24.651926
2018,12,20181221,204500,A1,彰化縣警察局,彰化縣芳苑鄉三合村斗苑路三合段202弄215號前0.0公尺,晴,夜間(或隧道、地下道、涵洞)有照明,村里道路,40,單路部分,直路,其他,其他,柏油,乾燥,無缺陷,無障礙物,良好,良好,無號誌,無號誌,無,無分向設施,未繪設車道線,未繪設快慢車道分隔線,無,汽(機)車本身,撞動物,其他,不明原因肇事,死亡1;受傷1,2,,,無或物(動物、堆置物),0,,,,,,,,,無(非車輛駕駛人因素),尚未發現肇事因素,否,120.358105,23.909583
2018,12,20181221,204500,A1,彰化縣警察局,彰化縣芳苑鄉三合村斗苑路三合段202弄215號前0.0公尺,晴,夜間(或隧道、地下道、涵洞)有照明,村里道路,40,單路部分,直路,其他,其他,柏油,乾燥,無缺陷,無障礙物,良好,良好,無號誌,無號誌,無,無分向設施,未繪設車道線,未繪設快慢車道分隔線,無,汽(機)車本身,撞動物,其他,不明原因肇事,死亡1;受傷1,1,機車,普通重型,男,17,不明,不明,車的狀態,向前直行中,機車,右側車身,,,其他,不明原因肇事,否,120.358105,23.909583